Seed,Theta,Inf,Alpha
2001,0.0,1.04822e+01,9.96003e+01
2001,0.5,1.04827e+01,9.90996e+01
2001,1.0,1.04831e+01,9.86039e+01
2002,0.0,1.05837e+01,9.92751e+01
2002,0.5,1.05842e+01,9.87750e+01
2002,1.0,1.05846e+01,9.82798e+01
2003,0.0,1.06346e+01,9.91283e+01
2003,0.5,1.06347e+01,9.86374e+01
2003,1.0,1.06348e+01,9.81514e+01
2004,0.0,1.03568e+01,1.01886e+02
2004,0.5,1.03566e+01,1.01379e+02
2004,1.0,1.03563e+01,1.00877e+02
2005,0.0,1.02760e+01,1.01752e+02
2005,0.5,1.02750e+01,1.01251e+02
2005,1.0,1.02739e+01,1.00756e+02
2006,0.0,1.05736e+01,9.90470e+01
2006,0.5,1.05741e+01,9.85469e+01
2006,1.0,1.05746e+01,9.80519e+01
2007,0.0,1.03961e+01,1.02625e+02
2007,0.5,1.03948e+01,1.02125e+02
2007,1.0,1.03935e+01,1.01630e+02
2008,0.0,1.05378e+01,1.00165e+02
2008,0.5,1.05378e+01,9.96676e+01
2008,1.0,1.05377e+01,9.91747e+01
2009,0.0,1.01230e+01,1.03178e+02
2009,0.5,1.01220e+01,1.02669e+02
2009,1.0,1.01211e+01,1.02164e+02
2010,0.0,1.05827e+01,1.00333e+02
2010,0.5,1.05826e+01,9.98370e+01
2010,1.0,1.05825e+01,9.93457e+01
2011,0.0,1.06769e+01,9.84511e+01
2011,0.5,1.06765e+01,9.79638e+01
2011,1.0,1.06761e+01,9.74812e+01
2012,0.0,1.04495e+01,1.00108e+02
2012,0.5,1.04496e+01,9.96061e+01
2012,1.0,1.04496e+01,9.91094e+01
2013,0.0,1.03937e+01,1.01255e+02
2013,0.5,1.03936e+01,1.00746e+02
2013,1.0,1.03936e+01,1.00241e+02
2014,0.0,1.03736e+01,1.01535e+02
2014,0.5,1.03733e+01,1.01025e+02
2014,1.0,1.03730e+01,1.00520e+02
2015,0.0,1.02906e+01,1.01581e+02
2015,0.5,1.02906e+01,1.01069e+02
2015,1.0,1.02906e+01,1.00562e+02
2016,0.0,1.03983e+01,1.00545e+02
2016,0.5,1.03984e+01,1.00038e+02
2016,1.0,1.03986e+01,9.95364e+01
2017,0.0,1.04989e+01,9.99073e+01
2017,0.5,1.04990e+01,9.94048e+01
2017,1.0,1.04991e+01,9.89073e+01
2018,0.0,1.06440e+01,9.87746e+01
2018,0.5,1.06451e+01,9.82716e+01
2018,1.0,1.06461e+01,9.77736e+01
2019,0.0,1.05189e+01,1.00125e+02
2019,0.5,1.05191e+01,9.96214e+01
2019,1.0,1.05194e+01,9.91225e+01
2020,0.0,1.02140e+01,1.02937e+02
2020,0.5,1.02131e+01,1.02431e+02
2020,1.0,1.02122e+01,1.01929e+02
2021,0.0,1.05429e+01,1.00422e+02
2021,0.5,1.05433e+01,9.99163e+01
2021,1.0,1.05437e+01,9.94153e+01
2022,0.0,1.03806e+01,1.01672e+02
2022,0.5,1.03804e+01,1.01165e+02
2022,1.0,1.03802e+01,1.00663e+02
2023,0.0,1.05000e+01,1.00310e+02
2023,0.5,1.05004e+01,9.98049e+01
2023,1.0,1.05008e+01,9.93043e+01
2024,0.0,1.05540e+01,9.99459e+01
2024,0.5,1.05539e+01,9.94477e+01
2024,1.0,1.05538e+01,9.89545e+01
2025,0.0,1.05443e+01,1.00243e+02
2025,0.5,1.05440e+01,9.97509e+01
2025,1.0,1.05438e+01,9.92638e+01
2026,0.0,1.04726e+01,9.98660e+01
2026,0.5,1.04731e+01,9.93595e+01
2026,1.0,1.04736e+01,9.88582e+01
2027,0.0,1.06628e+01,9.97370e+01
2027,0.5,1.06631e+01,9.92394e+01
2027,1.0,1.06633e+01,9.87467e+01
2028,0.0,1.03130e+01,1.01687e+02
2028,0.5,1.03130e+01,1.01174e+02
2028,1.0,1.03130e+01,1.00667e+02
2029,0.0,1.07310e+01,9.93960e+01
2029,0.5,1.07310e+01,9.89041e+01
2029,1.0,1.07311e+01,9.84170e+01
2030,0.0,1.05062e+01,9.96112e+01
2030,0.5,1.05065e+01,9.91095e+01
2030,1.0,1.05069e+01,9.86129e+01
2031,0.0,1.05465e+01,1.00913e+02
2031,0.5,1.05462e+01,1.00411e+02
2031,1.0,1.05459e+01,9.99141e+01
2032,0.0,1.01267e+01,1.03333e+02
2032,0.5,1.01256e+01,1.02825e+02
2032,1.0,1.01246e+01,1.02323e+02
2033,0.0,1.06114e+01,1.00174e+02
2033,0.5,1.06106e+01,9.96843e+01
2033,1.0,1.06097e+01,9.91992e+01
2034,0.0,1.00854e+01,1.02831e+02
2034,0.5,1.00848e+01,1.02318e+02
2034,1.0,1.00841e+01,1.01811e+02
2035,0.0,1.02726e+01,1.02788e+02
2035,0.5,1.02720e+01,1.02282e+02
2035,1.0,1.02714e+01,1.01782e+02
2036,0.0,1.07658e+01,9.88459e+01
2036,0.5,1.07665e+01,9.83507e+01
2036,1.0,1.07671e+01,9.78605e+01
2037,0.0,1.05435e+01,9.91385e+01
2037,0.5,1.05441e+01,9.86362e+01
2037,1.0,1.05447e+01,9.81390e+01
2038,0.0,1.03910e+01,1.00413e+02
2038,0.5,1.03912e+01,9.99111e+01
2038,1.0,1.03914e+01,9.94141e+01
2039,0.0,1.04479e+01,1.00210e+02
2039,0.5,1.04484e+01,9.97022e+01
2039,1.0,1.04489e+01,9.91993e+01
2040,0.0,1.02072e+01,1.03479e+02
2040,0.5,1.02062e+01,1.02965e+02
2040,1.0,1.02052e+01,1.02457e+02
2041,0.0,1.04769e+01,1.00002e+02
2041,0.5,1.04770e+01,9.95016e+01
2041,1.0,1.04771e+01,9.90059e+01
2042,0.0,1.04198e+01,1.00687e+02
2042,0.5,1.04194e+01,1.00190e+02
2042,1.0,1.04189e+01,9.96989e+01
2043,0.0,1.06013e+01,9.98086e+01
2043,0.5,1.06013e+01,9.93114e+01
2043,1.0,1.06012e+01,9.88192e+01
2044,0.0,1.05112e+01,1.00865e+02
2044,0.5,1.05110e+01,1.00365e+02
2044,1.0,1.05107e+01,9.98695e+01
2045,0.0,1.05932e+01,9.89585e+01
2045,0.5,1.05937e+01,9.84587e+01
2045,1.0,1.05943e+01,9.79638e+01
2046,0.0,1.03510e+01,1.01437e+02
2046,0.5,1.03508e+01,1.00931e+02
2046,1.0,1.03506e+01,1.00430e+02
2047,0.0,1.06164e+01,9.95802e+01
2047,0.5,1.06166e+01,9.90797e+01
2047,1.0,1.06168e+01,9.85842e+01
2048,0.0,1.02470e+01,1.01159e+02
2048,0.5,1.02469e+01,1.00648e+02
2048,1.0,1.02468e+01,1.00142e+02
2049,0.0,1.03634e+01,1.01414e+02
2049,0.5,1.03629e+01,1.00910e+02
2049,1.0,1.03623e+01,1.00410e+02
2050,0.0,1.05912e+01,9.98980e+01
2050,0.5,1.05912e+01,9.94005e+01
2050,1.0,1.05912e+01,9.89078e+01
2051,0.0,1.06084e+01,1.00771e+02
2051,0.5,1.06077e+01,1.00279e+02
2051,1.0,1.06070e+01,9.97923e+01
2052,0.0,1.04905e+01,1.00208e+02
2052,0.5,1.04900e+01,9.97116e+01
2052,1.0,1.04895e+01,9.92196e+01
2053,0.0,1.04875e+01,1.00106e+02
2053,0.5,1.04873e+01,9.96074e+01
2053,1.0,1.04872e+01,9.91136e+01
2054,0.0,1.08387e+01,9.71092e+01
2054,0.5,1.08398e+01,9.66149e+01
2054,1.0,1.08409e+01,9.61257e+01
2055,0.0,1.03186e+01,1.01738e+02
2055,0.5,1.03185e+01,1.01227e+02
2055,1.0,1.03184e+01,1.00720e+02
2056,0.0,1.07861e+01,9.87850e+01
2056,0.5,1.07865e+01,9.82896e+01
2056,1.0,1.07869e+01,9.77990e+01
2057,0.0,1.04234e+01,1.00953e+02
2057,0.5,1.04236e+01,1.00445e+02
2057,1.0,1.04238e+01,9.99420e+01
2058,0.0,1.05260e+01,1.00507e+02
2058,0.5,1.05257e+01,1.00006e+02
2058,1.0,1.05254e+01,9.95094e+01
2059,0.0,1.03239e+01,1.01471e+02
2059,0.5,1.03236e+01,1.00962e+02
2059,1.0,1.03234e+01,1.00458e+02
2060,0.0,1.03468e+01,1.00501e+02
2060,0.5,1.03469e+01,9.99929e+01
2060,1.0,1.03471e+01,9.94902e+01
2061,0.0,1.08258e+01,9.74507e+01
2061,0.5,1.08264e+01,9.69628e+01
2061,1.0,1.08269e+01,9.64797e+01
2062,0.0,1.03230e+01,1.01824e+02
2062,0.5,1.03224e+01,1.01317e+02
2062,1.0,1.03219e+01,1.00814e+02
2063,0.0,1.05589e+01,9.92969e+01
2063,0.5,1.05596e+01,9.87884e+01
2063,1.0,1.05603e+01,9.82850e+01
2064,0.0,1.06663e+01,9.95286e+01
2064,0.5,1.06668e+01,9.90310e+01
2064,1.0,1.06672e+01,9.85384e+01
2065,0.0,1.03672e+01,1.00741e+02
2065,0.5,1.03670e+01,1.00239e+02
2065,1.0,1.03669e+01,9.97429e+01
2066,0.0,1.06904e+01,9.86138e+01
2066,0.5,1.06914e+01,9.81128e+01
2066,1.0,1.06925e+01,9.76168e+01
2067,0.0,1.04507e+01,1.00136e+02
2067,0.5,1.04510e+01,9.96307e+01
2067,1.0,1.04514e+01,9.91302e+01
2068,0.0,1.04232e+01,1.01002e+02
2068,0.5,1.04235e+01,1.00494e+02
2068,1.0,1.04237e+01,9.99906e+01
2069,0.0,1.04618e+01,9.90189e+01
2069,0.5,1.04629e+01,9.85094e+01
2069,1.0,1.04640e+01,9.80049e+01
2070,0.0,1.05767e+01,9.86542e+01
2070,0.5,1.05768e+01,9.81609e+01
2070,1.0,1.05770e+01,9.76725e+01
2071,0.0,1.04950e+01,9.95709e+01
2071,0.5,1.04958e+01,9.90652e+01
2071,1.0,1.04966e+01,9.85646e+01
2072,0.0,1.04181e+01,1.01102e+02
2072,0.5,1.04175e+01,1.00601e+02
2072,1.0,1.04170e+01,1.00105e+02
2073,0.0,1.05149e+01,9.97264e+01
2073,0.5,1.05153e+01,9.92238e+01
2073,1.0,1.05157e+01,9.87263e+01
2074,0.0,1.02562e+01,1.01360e+02
2074,0.5,1.02553e+01,1.00859e+02
2074,1.0,1.02544e+01,1.00363e+02
2075,0.0,1.05070e+01,1.00746e+02
2075,0.5,1.05070e+01,1.00243e+02
2075,1.0,1.05070e+01,9.97448e+01
2076,0.0,1.06862e+01,1.00163e+02
2076,0.5,1.06858e+01,9.96707e+01
2076,1.0,1.06855e+01,9.91833e+01
2077,0.0,1.03809e+01,1.01679e+02
2077,0.5,1.03806e+01,1.01170e+02
2077,1.0,1.03802e+01,1.00666e+02
2078,0.0,1.06004e+01,9.94005e+01
2078,0.5,1.06012e+01,9.88995e+01
2078,1.0,1.06021e+01,9.84035e+01
2079,0.0,1.08256e+01,9.70168e+01
2079,0.5,1.08272e+01,9.65214e+01
2079,1.0,1.08288e+01,9.60310e+01
2080,0.0,1.07036e+01,9.82642e+01
2080,0.5,1.07039e+01,9.77738e+01
2080,1.0,1.07041e+01,9.72884e+01
2081,0.0,1.05842e+01,9.98447e+01
2081,0.5,1.05843e+01,9.93477e+01
2081,1.0,1.05844e+01,9.88557e+01
2082,0.0,1.04357e+01,1.01506e+02
2082,0.5,1.04353e+01,1.01007e+02
2082,1.0,1.04348e+01,1.00513e+02
2083,0.0,1.06267e+01,9.95974e+01
2083,0.5,1.06270e+01,9.90986e+01
2083,1.0,1.06274e+01,9.86049e+01
2084,0.0,1.04642e+01,9.96357e+01
2084,0.5,1.04650e+01,9.91304e+01
2084,1.0,1.04658e+01,9.86302e+01
2085,0.0,1.08885e+01,9.71301e+01
2085,0.5,1.08904e+01,9.66326e+01
2085,1.0,1.08923e+01,9.61402e+01
2086,0.0,1.04981e+01,1.01422e+02
2086,0.5,1.04979e+01,1.00918e+02
2086,1.0,1.04976e+01,1.00419e+02
2087,0.0,1.06565e+01,9.92070e+01
2087,0.5,1.06573e+01,9.87044e+01
2087,1.0,1.06581e+01,9.82067e+01
2088,0.0,1.01894e+01,1.02971e+02
2088,0.5,1.01889e+01,1.02460e+02
2088,1.0,1.01884e+01,1.01954e+02
2089,0.0,1.05153e+01,1.00888e+02
2089,0.5,1.05149e+01,1.00389e+02
2089,1.0,1.05145e+01,9.98952e+01
2090,0.0,1.03322e+01,1.01107e+02
2090,0.5,1.03324e+01,1.00596e+02
2090,1.0,1.03326e+01,1.00090e+02
2091,0.0,1.05483e+01,1.00374e+02
2091,0.5,1.05482e+01,9.98751e+01
2091,1.0,1.05482e+01,9.93808e+01
2092,0.0,1.04217e+01,1.00968e+02
2092,0.5,1.04220e+01,1.00459e+02
2092,1.0,1.04224e+01,9.99557e+01
2093,0.0,1.05240e+01,9.99073e+01
2093,0.5,1.05244e+01,9.94022e+01
2093,1.0,1.05248e+01,9.89022e+01
2094,0.0,1.04980e+01,1.00417e+02
2094,0.5,1.04980e+01,9.99164e+01
2094,1.0,1.04979e+01,9.94213e+01
2095,0.0,1.06035e+01,9.85393e+01
2095,0.5,1.06039e+01,9.80414e+01
2095,1.0,1.06043e+01,9.75484e+01
2096,0.0,1.07288e+01,9.91154e+01
2096,0.5,1.07291e+01,9.86216e+01
2096,1.0,1.07294e+01,9.81327e+01
2097,0.0,1.02969e+01,1.02245e+02
2097,0.5,1.02973e+01,1.01726e+02
2097,1.0,1.02977e+01,1.01213e+02
2098,0.0,1.05451e+01,1.01384e+02
2098,0.5,1.05454e+01,1.00872e+02
2098,1.0,1.05458e+01,1.00366e+02
2099,0.0,1.04070e+01,1.01920e+02
2099,0.5,1.04067e+01,1.01411e+02
2099,1.0,1.04064e+01,1.00908e+02
2100,0.0,1.05961e+01,9.96330e+01
2100,0.5,1.05966e+01,9.91312e+01
2100,1.0,1.05971e+01,9.86345e+01
2101,0.0,1.04375e+01,1.02715e+02
2101,0.5,1.04364e+01,1.02213e+02
2101,1.0,1.04352e+01,1.01715e+02
2102,0.0,1.05444e+01,1.00249e+02
2102,0.5,1.05442e+01,9.97511e+01
2102,1.0,1.05441e+01,9.92583e+01
2103,0.0,1.05146e+01,1.00734e+02
2103,0.5,1.05146e+01,1.00230e+02
2103,1.0,1.05146e+01,9.97310e+01
2104,0.0,1.04143e+01,1.00918e+02
2104,0.5,1.04137e+01,1.00421e+02
2104,1.0,1.04131e+01,9.99279e+01
2105,0.0,1.06901e+01,9.79308e+01
2105,0.5,1.06909e+01,9.74358e+01
2105,1.0,1.06917e+01,9.69458e+01
2106,0.0,1.05320e+01,9.90796e+01
2106,0.5,1.05328e+01,9.85727e+01
2106,1.0,1.05336e+01,9.80708e+01
2107,0.0,1.06873e+01,9.88144e+01
2107,0.5,1.06877e+01,9.83197e+01
2107,1.0,1.06881e+01,9.78298e+01
2108,0.0,1.04520e+01,1.01655e+02
2108,0.5,1.04522e+01,1.01145e+02
2108,1.0,1.04524e+01,1.00641e+02
2109,0.0,1.04573e+01,1.01653e+02
2109,0.5,1.04570e+01,1.01145e+02
2109,1.0,1.04568e+01,1.00642e+02
2110,0.0,1.04960e+01,9.98707e+01
2110,0.5,1.04962e+01,9.93694e+01
2110,1.0,1.04964e+01,9.88730e+01
2111,0.0,1.08706e+01,9.73315e+01
2111,0.5,1.08713e+01,9.68424e+01
2111,1.0,1.08721e+01,9.63582e+01
2112,0.0,1.04863e+01,1.01503e+02
2112,0.5,1.04862e+01,1.00994e+02
2112,1.0,1.04861e+01,1.00489e+02
2113,0.0,1.03372e+01,1.01465e+02
2113,0.5,1.03368e+01,1.00957e+02
2113,1.0,1.03365e+01,1.00454e+02
2114,0.0,1.04229e+01,1.02036e+02
2114,0.5,1.04218e+01,1.01538e+02
2114,1.0,1.04208e+01,1.01045e+02
2115,0.0,1.02994e+01,1.02499e+02
2115,0.5,1.02985e+01,1.01994e+02
2115,1.0,1.02976e+01,1.01493e+02
2116,0.0,1.03429e+01,1.02868e+02
2116,0.5,1.03422e+01,1.02360e+02
2116,1.0,1.03415e+01,1.01857e+02
2117,0.0,1.04929e+01,9.95915e+01
2117,0.5,1.04934e+01,9.90858e+01
2117,1.0,1.04939e+01,9.85851e+01
2118,0.0,1.06512e+01,9.94004e+01
2118,0.5,1.06513e+01,9.89022e+01
2118,1.0,1.06515e+01,9.84089e+01
2119,0.0,1.03117e+01,1.01323e+02
2119,0.5,1.03116e+01,1.00814e+02
2119,1.0,1.03115e+01,1.00311e+02
2120,0.0,1.05349e+01,9.90782e+01
2120,0.5,1.05349e+01,9.85812e+01
2120,1.0,1.05350e+01,9.80892e+01
2121,0.0,1.03006e+01,1.01686e+02
2121,0.5,1.03005e+01,1.01179e+02
2121,1.0,1.03003e+01,1.00676e+02
2122,0.0,1.07795e+01,9.88916e+01
2122,0.5,1.07799e+01,9.84004e+01
2122,1.0,1.07803e+01,9.79141e+01
2123,0.0,1.06304e+01,9.89299e+01
2123,0.5,1.06306e+01,9.84333e+01
2123,1.0,1.06308e+01,9.79417e+01
2124,0.0,1.06080e+01,9.86409e+01
2124,0.5,1.06086e+01,9.81415e+01
2124,1.0,1.06092e+01,9.76469e+01
2125,0.0,1.02746e+01,1.03052e+02
2125,0.5,1.02741e+01,1.02538e+02
2125,1.0,1.02736e+01,1.02028e+02
2126,0.0,1.05481e+01,9.97900e+01
2126,0.5,1.05472e+01,9.93002e+01
2126,1.0,1.05464e+01,9.88153e+01
2127,0.0,1.04238e+01,1.00388e+02
2127,0.5,1.04244e+01,9.98773e+01
2127,1.0,1.04250e+01,9.93721e+01
2128,0.0,1.02627e+01,1.03031e+02
2128,0.5,1.02621e+01,1.02520e+02
2128,1.0,1.02615e+01,1.02014e+02
2129,0.0,1.03619e+01,1.01004e+02
2129,0.5,1.03622e+01,1.00493e+02
2129,1.0,1.03625e+01,9.99876e+01
2130,0.0,1.05635e+01,1.00256e+02
2130,0.5,1.05634e+01,9.97574e+01
2130,1.0,1.05634e+01,9.92635e+01
2131,0.0,1.02702e+01,1.00632e+02
2131,0.5,1.02708e+01,1.00118e+02
2131,1.0,1.02714e+01,9.96084e+01
2132,0.0,1.02768e+01,1.01484e+02
2132,0.5,1.02770e+01,1.00972e+02
2132,1.0,1.02773e+01,1.00465e+02
2133,0.0,1.03839e+01,1.00915e+02
2133,0.5,1.03834e+01,1.00412e+02
2133,1.0,1.03830e+01,9.99144e+01
2134,0.0,1.07591e+01,9.75438e+01
2134,0.5,1.07600e+01,9.70515e+01
2134,1.0,1.07609e+01,9.65642e+01
2135,0.0,1.05980e+01,1.00175e+02
2135,0.5,1.05976e+01,9.96846e+01
2135,1.0,1.05971e+01,9.91989e+01
2136,0.0,1.02824e+01,1.02678e+02
2136,0.5,1.02814e+01,1.02170e+02
2136,1.0,1.02803e+01,1.01666e+02
2137,0.0,1.04196e+01,9.91520e+01
2137,0.5,1.04201e+01,9.86486e+01
2137,1.0,1.04207e+01,9.81503e+01
2138,0.0,1.04119e+01,1.01962e+02
2138,0.5,1.04115e+01,1.01459e+02
2138,1.0,1.04110e+01,1.00960e+02
2139,0.0,1.03072e+01,1.01747e+02
2139,0.5,1.03071e+01,1.01237e+02
2139,1.0,1.03070e+01,1.00731e+02
2140,0.0,1.04517e+01,1.00851e+02
2140,0.5,1.04508e+01,1.00358e+02
2140,1.0,1.04499e+01,9.98692e+01
2141,0.0,1.03085e+01,1.01055e+02
2141,0.5,1.03081e+01,1.00551e+02
2141,1.0,1.03076e+01,1.00052e+02
2142,0.0,1.03225e+01,1.02245e+02
2142,0.5,1.03224e+01,1.01731e+02
2142,1.0,1.03222e+01,1.01222e+02
2143,0.0,1.03050e+01,1.00078e+02
2143,0.5,1.03058e+01,9.95690e+01
2143,1.0,1.03066e+01,9.90650e+01
2144,0.0,1.03932e+01,1.00669e+02
2144,0.5,1.03930e+01,1.00164e+02
2144,1.0,1.03928e+01,9.96647e+01
2145,0.0,1.04438e+01,1.01597e+02
2145,0.5,1.04439e+01,1.01086e+02
2145,1.0,1.04439e+01,1.00580e+02
2146,0.0,1.03645e+01,1.01085e+02
2146,0.5,1.03642e+01,1.00580e+02
2146,1.0,1.03638e+01,1.00079e+02
2147,0.0,1.06406e+01,9.89179e+01
2147,0.5,1.06412e+01,9.84242e+01
2147,1.0,1.06418e+01,9.79353e+01
2148,0.0,1.04379e+01,9.99927e+01
2148,0.5,1.04380e+01,9.94916e+01
2148,1.0,1.04381e+01,9.89956e+01
2149,0.0,1.04432e+01,9.99649e+01
2149,0.5,1.04438e+01,9.94591e+01
2149,1.0,1.04444e+01,9.89583e+01
2150,0.0,1.08030e+01,9.80134e+01
2150,0.5,1.08026e+01,9.75330e+01
2150,1.0,1.08022e+01,9.70574e+01
2151,0.0,1.04121e+01,1.00456e+02
2151,0.5,1.04123e+01,9.99540e+01
2151,1.0,1.04124e+01,9.94573e+01
2152,0.0,1.04338e+01,1.01033e+02
2152,0.5,1.04342e+01,1.00523e+02
2152,1.0,1.04346e+01,1.00018e+02
2153,0.0,1.03807e+01,1.01505e+02
2153,0.5,1.03803e+01,1.01000e+02
2153,1.0,1.03799e+01,1.00500e+02
2154,0.0,1.04100e+01,1.01756e+02
2154,0.5,1.04092e+01,1.01258e+02
2154,1.0,1.04085e+01,1.00764e+02
2155,0.0,1.03704e+01,1.02429e+02
2155,0.5,1.03700e+01,1.01917e+02
2155,1.0,1.03697e+01,1.01409e+02
2156,0.0,1.04211e+01,9.91238e+01
2156,0.5,1.04222e+01,9.86139e+01
2156,1.0,1.04233e+01,9.81090e+01
2157,0.0,1.01849e+01,1.02398e+02
2157,0.5,1.01841e+01,1.01891e+02
2157,1.0,1.01832e+01,1.01388e+02
2158,0.0,1.03676e+01,1.01215e+02
2158,0.5,1.03673e+01,1.00712e+02
2158,1.0,1.03669e+01,1.00214e+02
2159,0.0,1.05253e+01,1.00371e+02
2159,0.5,1.05254e+01,9.98685e+01
2159,1.0,1.05255e+01,9.93706e+01
2160,0.0,1.05667e+01,9.96245e+01
2160,0.5,1.05667e+01,9.91265e+01
2160,1.0,1.05667e+01,9.86336e+01
2161,0.0,1.03859e+01,9.98786e+01
2161,0.5,1.03860e+01,9.93755e+01
2161,1.0,1.03861e+01,9.88774e+01
2162,0.0,1.03469e+01,1.02205e+02
2162,0.5,1.03466e+01,1.01693e+02
2162,1.0,1.03463e+01,1.01186e+02
2163,0.0,1.03624e+01,1.00843e+02
2163,0.5,1.03625e+01,1.00334e+02
2163,1.0,1.03627e+01,9.98291e+01
2164,0.0,1.04604e+01,1.01878e+02
2164,0.5,1.04598e+01,1.01374e+02
2164,1.0,1.04593e+01,1.00876e+02
2165,0.0,1.03727e+01,1.02523e+02
2165,0.5,1.03719e+01,1.02018e+02
2165,1.0,1.03711e+01,1.01517e+02
2166,0.0,1.02746e+01,1.02010e+02
2166,0.5,1.02739e+01,1.01501e+02
2166,1.0,1.02733e+01,1.00997e+02
2167,0.0,1.04628e+01,1.01282e+02
2167,0.5,1.04624e+01,1.00776e+02
2167,1.0,1.04621e+01,1.00275e+02
2168,0.0,1.05850e+01,9.94723e+01
2168,0.5,1.05851e+01,9.89751e+01
2168,1.0,1.05852e+01,9.84828e+01
2169,0.0,1.04970e+01,1.00454e+02
2169,0.5,1.04973e+01,9.99494e+01
2169,1.0,1.04976e+01,9.94495e+01
2170,0.0,1.06206e+01,1.00285e+02
2170,0.5,1.06209e+01,9.97858e+01
2170,1.0,1.06211e+01,9.92920e+01
2171,0.0,1.05160e+01,1.00026e+02
2171,0.5,1.05162e+01,9.95266e+01
2171,1.0,1.05163e+01,9.90317e+01
2172,0.0,1.05151e+01,1.01342e+02
2172,0.5,1.05139e+01,1.00848e+02
2172,1.0,1.05126e+01,1.00357e+02
2173,0.0,1.03144e+01,1.00782e+02
2173,0.5,1.03143e+01,1.00274e+02
2173,1.0,1.03143e+01,9.97716e+01
2174,0.0,1.03325e+01,1.01364e+02
2174,0.5,1.03323e+01,1.00856e+02
2174,1.0,1.03320e+01,1.00353e+02
2175,0.0,1.01696e+01,1.02454e+02
2175,0.5,1.01693e+01,1.01940e+02
2175,1.0,1.01690e+01,1.01430e+02
2176,0.0,1.07537e+01,9.88813e+01
2176,0.5,1.07538e+01,9.83957e+01
2176,1.0,1.07539e+01,9.79150e+01
2177,0.0,1.04082e+01,1.01485e+02
2177,0.5,1.04075e+01,1.00982e+02
2177,1.0,1.04068e+01,1.00485e+02
2178,0.0,1.06622e+01,9.89722e+01
2178,0.5,1.06630e+01,9.84728e+01
2178,1.0,1.06638e+01,9.79784e+01
2179,0.0,1.06362e+01,9.86289e+01
2179,0.5,1.06373e+01,9.81249e+01
2179,1.0,1.06385e+01,9.76259e+01
2180,0.0,1.06134e+01,9.84623e+01
2180,0.5,1.06142e+01,9.79639e+01
2180,1.0,1.06150e+01,9.74705e+01
2181,0.0,1.08755e+01,9.84307e+01
2181,0.5,1.08766e+01,9.79368e+01
2181,1.0,1.08775e+01,9.74479e+01
2182,0.0,1.03708e+01,1.00830e+02
2182,0.5,1.03708e+01,1.00326e+02
2182,1.0,1.03707e+01,9.98265e+01
2183,0.0,1.03322e+01,1.01592e+02
2183,0.5,1.03319e+01,1.01083e+02
2183,1.0,1.03316e+01,1.00579e+02
2184,0.0,1.03365e+01,1.01309e+02
2184,0.5,1.03357e+01,1.00808e+02
2184,1.0,1.03349e+01,1.00311e+02
2185,0.0,1.03539e+01,9.99037e+01
2185,0.5,1.03544e+01,9.93964e+01
2185,1.0,1.03549e+01,9.88941e+01
2186,0.0,1.04600e+01,9.96613e+01
2186,0.5,1.04612e+01,9.91533e+01
2186,1.0,1.04623e+01,9.86505e+01
2187,0.0,1.02666e+01,1.02396e+02
2187,0.5,1.02663e+01,1.01882e+02
2187,1.0,1.02660e+01,1.01374e+02
2188,0.0,1.03130e+01,1.01798e+02
2188,0.5,1.03129e+01,1.01291e+02
2188,1.0,1.03128e+01,1.00788e+02
2189,0.0,1.04290e+01,1.00109e+02
2189,0.5,1.04297e+01,9.96007e+01
2189,1.0,1.04304e+01,9.90973e+01
2190,0.0,1.07151e+01,9.89888e+01
2190,0.5,1.07157e+01,9.84890e+01
2190,1.0,1.07164e+01,9.79942e+01
2191,0.0,1.07295e+01,9.86639e+01
2191,0.5,1.07308e+01,9.81580e+01
2191,1.0,1.07321e+01,9.76572e+01
2192,0.0,1.02339e+01,1.02146e+02
2192,0.5,1.02340e+01,1.01630e+02
2192,1.0,1.02342e+01,1.01118e+02
2193,0.0,1.03824e+01,1.00121e+02
2193,0.5,1.03827e+01,9.96160e+01
2193,1.0,1.03829e+01,9.91159e+01
2194,0.0,1.05185e+01,9.94376e+01
2194,0.5,1.05185e+01,9.89387e+01
2194,1.0,1.05185e+01,9.84449e+01
2195,0.0,1.05984e+01,9.88565e+01
2195,0.5,1.05995e+01,9.83505e+01
2195,1.0,1.06006e+01,9.78496e+01
2196,0.0,1.04466e+01,1.00848e+02
2196,0.5,1.04461e+01,1.00349e+02
2196,1.0,1.04455e+01,9.98561e+01
2197,0.0,1.04570e+01,1.01372e+02
2197,0.5,1.04574e+01,1.00863e+02
2197,1.0,1.04578e+01,1.00358e+02
2198,0.0,1.05312e+01,1.00105e+02
2198,0.5,1.05316e+01,9.96024e+01
2198,1.0,1.05320e+01,9.91049e+01
2199,0.0,1.05041e+01,1.00530e+02
2199,0.5,1.05046e+01,1.00023e+02
2199,1.0,1.05051e+01,9.95204e+01
2200,0.0,1.03332e+01,1.00939e+02
2200,0.5,1.03330e+01,1.00437e+02
2200,1.0,1.03328e+01,9.99400e+01
2201,0.0,1.02911e+01,1.02187e+02
2201,0.5,1.02909e+01,1.01674e+02
2201,1.0,1.02907e+01,1.01166e+02
2202,0.0,1.07853e+01,9.76239e+01
2202,0.5,1.07863e+01,9.71299e+01
2202,1.0,1.07872e+01,9.66407e+01
2203,0.0,1.04161e+01,1.01023e+02
2203,0.5,1.04166e+01,1.00509e+02
2203,1.0,1.04172e+01,1.00000e+02
2204,0.0,1.02143e+01,1.02928e+02
2204,0.5,1.02140e+01,1.02412e+02
2204,1.0,1.02138e+01,1.01900e+02
2205,0.0,1.03124e+01,1.02411e+02
2205,0.5,1.03119e+01,1.01899e+02
2205,1.0,1.03114e+01,1.01393e+02
2206,0.0,1.04669e+01,1.00754e+02
2206,0.5,1.04670e+01,1.00249e+02
2206,1.0,1.04671e+01,9.97496e+01
2207,0.0,1.05587e+01,9.93906e+01
2207,0.5,1.05591e+01,9.88882e+01
2207,1.0,1.05594e+01,9.83908e+01
2208,0.0,1.01516e+01,1.03795e+02
2208,0.5,1.01508e+01,1.03277e+02
2208,1.0,1.01500e+01,1.02764e+02
2209,0.0,1.04888e+01,9.94395e+01
2209,0.5,1.04891e+01,9.89391e+01
2209,1.0,1.04895e+01,9.84437e+01
2210,0.0,1.01608e+01,1.02181e+02
2210,0.5,1.01608e+01,1.01661e+02
2210,1.0,1.01608e+01,1.01146e+02
2211,0.0,1.00951e+01,1.01882e+02
2211,0.5,1.00947e+01,1.01371e+02
2211,1.0,1.00942e+01,1.00866e+02
2212,0.0,1.06492e+01,9.77345e+01
2212,0.5,1.06506e+01,9.72332e+01
2212,1.0,1.06519e+01,9.67369e+01
2213,0.0,1.03203e+01,1.02191e+02
2213,0.5,1.03195e+01,1.01685e+02
2213,1.0,1.03187e+01,1.01184e+02
2214,0.0,1.05444e+01,9.98287e+01
2214,0.5,1.05444e+01,9.93299e+01
2214,1.0,1.05444e+01,9.88360e+01
2215,0.0,1.05339e+01,9.98107e+01
2215,0.5,1.05344e+01,9.93041e+01
2215,1.0,1.05348e+01,9.88025e+01
2216,0.0,1.07590e+01,9.83693e+01
2216,0.5,1.07597e+01,9.78738e+01
2216,1.0,1.07604e+01,9.73832e+01
2217,0.0,1.05247e+01,1.01000e+02
2217,0.5,1.05245e+01,1.00498e+02
2217,1.0,1.05244e+01,1.00000e+02
2218,0.0,1.03463e+01,1.01884e+02
2218,0.5,1.03458e+01,1.01376e+02
2218,1.0,1.03454e+01,1.00872e+02
2219,0.0,1.04223e+01,1.01437e+02
2219,0.5,1.04219e+01,1.00933e+02
2219,1.0,1.04216e+01,1.00435e+02
2220,0.0,1.03838e+01,1.00580e+02
2220,0.5,1.03840e+01,1.00069e+02
2220,1.0,1.03843e+01,9.95618e+01
2221,0.0,1.06062e+01,1.00357e+02
2221,0.5,1.06061e+01,9.98561e+01
2221,1.0,1.06061e+01,9.93601e+01
2222,0.0,1.06764e+01,9.86346e+01
2222,0.5,1.06771e+01,9.81384e+01
2222,1.0,1.06777e+01,9.76472e+01
2223,0.0,1.04842e+01,1.00204e+02
2223,0.5,1.04845e+01,9.97000e+01
2223,1.0,1.04848e+01,9.92011e+01
2224,0.0,1.04006e+01,1.00751e+02
2224,0.5,1.04005e+01,1.00249e+02
2224,1.0,1.04004e+01,9.97527e+01
2225,0.0,1.04609e+01,1.00206e+02
2225,0.5,1.04610e+01,9.97043e+01
2225,1.0,1.04612e+01,9.92074e+01
2226,0.0,1.03111e+01,1.01692e+02
2226,0.5,1.03112e+01,1.01180e+02
2226,1.0,1.03112e+01,1.00674e+02
2227,0.0,1.02932e+01,1.02901e+02
2227,0.5,1.02921e+01,1.02395e+02
2227,1.0,1.02911e+01,1.01894e+02
2228,0.0,1.04363e+01,9.98566e+01
2228,0.5,1.04370e+01,9.93469e+01
2228,1.0,1.04377e+01,9.88425e+01
2229,0.0,1.08156e+01,9.75420e+01
2229,0.5,1.08167e+01,9.70479e+01
2229,1.0,1.08177e+01,9.65588e+01
2230,0.0,1.07337e+01,9.81389e+01
2230,0.5,1.07345e+01,9.76417e+01
2230,1.0,1.07352e+01,9.71494e+01
2231,0.0,1.05416e+01,1.00319e+02
2231,0.5,1.05411e+01,9.98229e+01
2231,1.0,1.05405e+01,9.93314e+01
2232,0.0,1.05004e+01,1.00474e+02
2232,0.5,1.05008e+01,9.99666e+01
2232,1.0,1.05012e+01,9.94647e+01
2233,0.0,1.02046e+01,1.01936e+02
2233,0.5,1.02045e+01,1.01426e+02
2233,1.0,1.02043e+01,1.00921e+02
2234,0.0,1.09311e+01,9.71474e+01
2234,0.5,1.09328e+01,9.66533e+01
2234,1.0,1.09344e+01,9.61642e+01
2235,0.0,1.02025e+01,1.01273e+02
2235,0.5,1.02027e+01,1.00759e+02
2235,1.0,1.02028e+01,1.00250e+02
2236,0.0,1.02646e+01,1.02361e+02
2236,0.5,1.02646e+01,1.01847e+02
2236,1.0,1.02645e+01,1.01338e+02
2237,0.0,1.03087e+01,1.02237e+02
2237,0.5,1.03083e+01,1.01726e+02
2237,1.0,1.03078e+01,1.01220e+02
2238,0.0,1.05823e+01,9.91363e+01
2238,0.5,1.05822e+01,9.86408e+01
2238,1.0,1.05822e+01,9.81501e+01
2239,0.0,1.03528e+01,1.00828e+02
2239,0.5,1.03529e+01,1.00321e+02
2239,1.0,1.03529e+01,9.98185e+01
2240,0.0,1.06287e+01,9.90270e+01
2240,0.5,1.06293e+01,9.85241e+01
2240,1.0,1.06299e+01,9.80262e+01
2241,0.0,1.03777e+01,1.01816e+02
2241,0.5,1.03776e+01,1.01308e+02
2241,1.0,1.03775e+01,1.00805e+02
2242,0.0,1.04626e+01,1.01110e+02
2242,0.5,1.04630e+01,1.00597e+02
2242,1.0,1.04634e+01,1.00089e+02
2243,0.0,1.03698e+01,1.02671e+02
2243,0.5,1.03690e+01,1.02166e+02
2243,1.0,1.03683e+01,1.01666e+02
2244,0.0,1.08113e+01,9.86230e+01
2244,0.5,1.08117e+01,9.81312e+01
2244,1.0,1.08120e+01,9.76443e+01
2245,0.0,1.05638e+01,1.00554e+02
2245,0.5,1.05633e+01,1.00058e+02
2245,1.0,1.05627e+01,9.95674e+01
2246,0.0,1.04455e+01,1.00445e+02
2246,0.5,1.04456e+01,9.99412e+01
2246,1.0,1.04456e+01,9.94422e+01
2247,0.0,1.02915e+01,1.02969e+02
2247,0.5,1.02907e+01,1.02458e+02
2247,1.0,1.02899e+01,1.01953e+02
2248,0.0,1.07653e+01,9.94032e+01
2248,0.5,1.07654e+01,9.89115e+01
2248,1.0,1.07655e+01,9.84248e+01
2249,0.0,1.03208e+01,1.02238e+02
2249,0.5,1.03198e+01,1.01735e+02
2249,1.0,1.03188e+01,1.01237e+02
2250,0.0,1.06801e+01,9.87402e+01
2250,0.5,1.06806e+01,9.82463e+01
2250,1.0,1.06810e+01,9.77573e+01
2251,0.0,1.06921e+01,9.82624e+01
2251,0.5,1.06930e+01,9.77639e+01
2251,1.0,1.06940e+01,9.72705e+01
2252,0.0,1.03765e+01,1.01794e+02
2252,0.5,1.03758e+01,1.01292e+02
2252,1.0,1.03751e+01,1.00795e+02
2253,0.0,1.01202e+01,1.02875e+02
2253,0.5,1.01194e+01,1.02367e+02
2253,1.0,1.01186e+01,1.01864e+02
2254,0.0,1.03894e+01,1.01409e+02
2254,0.5,1.03891e+01,1.00903e+02
2254,1.0,1.03888e+01,1.00401e+02
2255,0.0,1.05055e+01,9.95151e+01
2255,0.5,1.05050e+01,9.90218e+01
2255,1.0,1.05045e+01,9.85334e+01
2256,0.0,1.04547e+01,1.01271e+02
2256,0.5,1.04552e+01,1.00759e+02
2256,1.0,1.04558e+01,1.00251e+02
2257,0.0,1.05976e+01,9.90771e+01
2257,0.5,1.05981e+01,9.85794e+01
2257,1.0,1.05986e+01,9.80867e+01
2258,0.0,1.02965e+01,1.01562e+02
2258,0.5,1.02967e+01,1.01050e+02
2258,1.0,1.02968e+01,1.00544e+02
2259,0.0,1.06684e+01,9.84123e+01
2259,0.5,1.06694e+01,9.79121e+01
2259,1.0,1.06703e+01,9.74170e+01
2260,0.0,1.01871e+01,1.02900e+02
2260,0.5,1.01870e+01,1.02379e+02
2260,1.0,1.01869e+01,1.01864e+02
2261,0.0,1.02532e+01,1.01787e+02
2261,0.5,1.02528e+01,1.01276e+02
2261,1.0,1.02523e+01,1.00769e+02
2262,0.0,1.03259e+01,1.03000e+02
2262,0.5,1.03251e+01,1.02490e+02
2262,1.0,1.03243e+01,1.01985e+02
2263,0.0,1.04944e+01,9.98077e+01
2263,0.5,1.04951e+01,9.93032e+01
2263,1.0,1.04959e+01,9.88039e+01
2264,0.0,1.03424e+01,1.02266e+02
2264,0.5,1.03419e+01,1.01759e+02
2264,1.0,1.03413e+01,1.01257e+02
2265,0.0,1.02897e+01,1.02341e+02
2265,0.5,1.02884e+01,1.01841e+02
2265,1.0,1.02870e+01,1.01346e+02
2266,0.0,1.08084e+01,9.71813e+01
2266,0.5,1.08095e+01,9.66902e+01
2266,1.0,1.08106e+01,9.62040e+01
2267,0.0,1.05768e+01,9.94750e+01
2267,0.5,1.05767e+01,9.89784e+01
2267,1.0,1.05767e+01,9.84868e+01
2268,0.0,1.07136e+01,9.84181e+01
2268,0.5,1.07139e+01,9.79254e+01
2268,1.0,1.07141e+01,9.74376e+01
2269,0.0,1.06719e+01,9.97716e+01
2269,0.5,1.06720e+01,9.92770e+01
2269,1.0,1.06720e+01,9.87873e+01
2270,0.0,1.06969e+01,9.93339e+01
2270,0.5,1.06974e+01,9.88358e+01
2270,1.0,1.06979e+01,9.83427e+01
2271,0.0,1.06000e+01,1.00515e+02
2271,0.5,1.06001e+01,1.00015e+02
2271,1.0,1.06001e+01,9.95197e+01
2272,0.0,1.04501e+01,1.00335e+02
2272,0.5,1.04495e+01,9.98390e+01
2272,1.0,1.04488e+01,9.93482e+01
2273,0.0,1.06656e+01,9.95053e+01
2273,0.5,1.06655e+01,9.90157e+01
2273,1.0,1.06654e+01,9.85310e+01
2274,0.0,1.03664e+01,1.02058e+02
2274,0.5,1.03657e+01,1.01558e+02
2274,1.0,1.03651e+01,1.01062e+02
2275,0.0,1.04442e+01,1.00355e+02
2275,0.5,1.04443e+01,9.98524e+01
2275,1.0,1.04445e+01,9.93544e+01
2276,0.0,1.02283e+01,1.02826e+02
2276,0.5,1.02278e+01,1.02313e+02
2276,1.0,1.02274e+01,1.01805e+02
2277,0.0,1.03428e+01,1.01927e+02
2277,0.5,1.03423e+01,1.01421e+02
2277,1.0,1.03418e+01,1.00921e+02
2278,0.0,1.05620e+01,1.00432e+02
2278,0.5,1.05621e+01,9.99320e+01
2278,1.0,1.05622e+01,9.94371e+01
2279,0.0,1.03200e+01,1.01782e+02
2279,0.5,1.03203e+01,1.01266e+02
2279,1.0,1.03207e+01,1.00754e+02
2280,0.0,1.03530e+01,1.02219e+02
2280,0.5,1.03518e+01,1.01715e+02
2280,1.0,1.03505e+01,1.01217e+02
2281,0.0,1.05099e+01,9.99013e+01
2281,0.5,1.05108e+01,9.93922e+01
2281,1.0,1.05117e+01,9.88881e+01
2282,0.0,1.05720e+01,9.87762e+01
2282,0.5,1.05730e+01,9.82743e+01
2282,1.0,1.05740e+01,9.77775e+01
2283,0.0,1.03333e+01,1.01178e+02
2283,0.5,1.03334e+01,1.00673e+02
2283,1.0,1.03335e+01,1.00174e+02
2284,0.0,1.05020e+01,1.00294e+02
2284,0.5,1.05022e+01,9.97933e+01
2284,1.0,1.05023e+01,9.92981e+01
2285,0.0,1.04976e+01,1.01210e+02
2285,0.5,1.04970e+01,1.00711e+02
2285,1.0,1.04965e+01,1.00216e+02
2286,0.0,1.02784e+01,1.01609e+02
2286,0.5,1.02772e+01,1.01109e+02
2286,1.0,1.02760e+01,1.00615e+02
2287,0.0,1.03938e+01,1.02433e+02
2287,0.5,1.03929e+01,1.01931e+02
2287,1.0,1.03920e+01,1.01435e+02
2288,0.0,1.03244e+01,1.01162e+02
2288,0.5,1.03242e+01,1.00657e+02
2288,1.0,1.03240e+01,1.00156e+02
2289,0.0,1.04879e+01,1.00938e+02
2289,0.5,1.04876e+01,1.00439e+02
2289,1.0,1.04874e+01,9.99453e+01
2290,0.0,1.03099e+01,1.01933e+02
2290,0.5,1.03095e+01,1.01427e+02
2290,1.0,1.03092e+01,1.00926e+02
2291,0.0,1.03587e+01,1.01761e+02
2291,0.5,1.03581e+01,1.01258e+02
2291,1.0,1.03574e+01,1.00760e+02
2292,0.0,1.04435e+01,1.00793e+02
2292,0.5,1.04433e+01,1.00294e+02
2292,1.0,1.04431e+01,9.97994e+01
2293,0.0,1.06936e+01,9.95138e+01
2293,0.5,1.06944e+01,9.90111e+01
2293,1.0,1.06953e+01,9.85135e+01
2294,0.0,1.03872e+01,1.00757e+02
2294,0.5,1.03867e+01,1.00256e+02
2294,1.0,1.03863e+01,9.97611e+01
2295,0.0,1.02348e+01,1.01863e+02
2295,0.5,1.02346e+01,1.01355e+02
2295,1.0,1.02344e+01,1.00852e+02
2296,0.0,1.07477e+01,9.78227e+01
2296,0.5,1.07488e+01,9.73254e+01
2296,1.0,1.07499e+01,9.68331e+01
2297,0.0,1.06337e+01,9.97173e+01
2297,0.5,1.06337e+01,9.92231e+01
2297,1.0,1.06337e+01,9.87338e+01
2298,0.0,1.05604e+01,9.87907e+01
2298,0.5,1.05606e+01,9.82956e+01
2298,1.0,1.05607e+01,9.78054e+01
2299,0.0,1.04533e+01,1.02029e+02
2299,0.5,1.04526e+01,1.01527e+02
2299,1.0,1.04518e+01,1.01029e+02
2300,0.0,1.06945e+01,9.89594e+01
2300,0.5,1.06948e+01,9.84646e+01
2300,1.0,1.06951e+01,9.79747e+01
2301,0.0,1.07970e+01,9.75981e+01
2301,0.5,1.07980e+01,9.71044e+01
2301,1.0,1.07990e+01,9.66157e+01
2302,0.0,1.04987e+01,1.00312e+02
2302,0.5,1.04982e+01,9.98142e+01
2302,1.0,1.04977e+01,9.93216e+01
2303,0.0,1.02849e+01,1.02934e+02
2303,0.5,1.02837e+01,1.02431e+02
2303,1.0,1.02826e+01,1.01933e+02
2304,0.0,1.05063e+01,1.00282e+02
2304,0.5,1.05063e+01,9.97823e+01
2304,1.0,1.05062e+01,9.92871e+01
2305,0.0,1.02986e+01,1.00937e+02
2305,0.5,1.02991e+01,1.00423e+02
2305,1.0,1.02995e+01,9.99140e+01
2306,0.0,1.06526e+01,9.91046e+01
2306,0.5,1.06532e+01,9.86074e+01
2306,1.0,1.06539e+01,9.81153e+01
2307,0.0,1.03933e+01,1.00396e+02
2307,0.5,1.03929e+01,9.98977e+01
2307,1.0,1.03925e+01,9.94038e+01
2308,0.0,1.06717e+01,9.99540e+01
2308,0.5,1.06709e+01,9.94662e+01
2308,1.0,1.06702e+01,9.89832e+01
2309,0.0,1.04273e+01,1.00693e+02
2309,0.5,1.04275e+01,1.00186e+02
2309,1.0,1.04277e+01,9.96836e+01
2310,0.0,1.06354e+01,1.00181e+02
2310,0.5,1.06353e+01,9.96833e+01
2310,1.0,1.06352e+01,9.91903e+01
2311,0.0,1.04289e+01,1.00140e+02
2311,0.5,1.04292e+01,9.96350e+01
2311,1.0,1.04294e+01,9.91353e+01
2312,0.0,1.05135e+01,9.98206e+01
2312,0.5,1.05134e+01,9.93220e+01
2312,1.0,1.05133e+01,9.88285e+01
2313,0.0,1.06992e+01,9.98891e+01
2313,0.5,1.06994e+01,9.93939e+01
2313,1.0,1.06995e+01,9.89036e+01
2314,0.0,1.06702e+01,9.87466e+01
2314,0.5,1.06706e+01,9.82494e+01
2314,1.0,1.06710e+01,9.77570e+01
2315,0.0,1.06067e+01,1.00939e+02
2315,0.5,1.06068e+01,1.00438e+02
2315,1.0,1.06068e+01,9.99422e+01
2316,0.0,1.07167e+01,9.90502e+01
2316,0.5,1.07166e+01,9.85607e+01
2316,1.0,1.07165e+01,9.80760e+01
2317,0.0,1.06913e+01,1.00012e+02
2317,0.5,1.06914e+01,9.95175e+01
2317,1.0,1.06916e+01,9.90276e+01
2318,0.0,1.07469e+01,9.94384e+01
2318,0.5,1.07471e+01,9.89480e+01
2318,1.0,1.07472e+01,9.84625e+01
2319,0.0,1.05844e+01,1.01921e+02
2319,0.5,1.05841e+01,1.01419e+02
2319,1.0,1.05838e+01,1.00922e+02
2320,0.0,1.03016e+01,1.01994e+02
2320,0.5,1.03008e+01,1.01488e+02
2320,1.0,1.03000e+01,1.00988e+02
2321,0.0,1.04629e+01,1.00300e+02
2321,0.5,1.04632e+01,9.97966e+01
2321,1.0,1.04634e+01,9.92984e+01
2322,0.0,1.04273e+01,1.01229e+02
2322,0.5,1.04269e+01,1.00727e+02
2322,1.0,1.04266e+01,1.00230e+02
2323,0.0,1.05592e+01,9.94278e+01
2323,0.5,1.05594e+01,9.89312e+01
2323,1.0,1.05596e+01,9.84396e+01
2324,0.0,1.03350e+01,1.01829e+02
2324,0.5,1.03346e+01,1.01320e+02
2324,1.0,1.03342e+01,1.00816e+02
2325,0.0,1.05339e+01,9.96833e+01
2325,0.5,1.05340e+01,9.91828e+01
2325,1.0,1.05341e+01,9.86873e+01
2326,0.0,1.04813e+01,1.00579e+02
2326,0.5,1.04816e+01,1.00073e+02
2326,1.0,1.04818e+01,9.95722e+01
2327,0.0,1.06279e+01,9.93534e+01
2327,0.5,1.06285e+01,9.88528e+01
2327,1.0,1.06290e+01,9.83571e+01
2328,0.0,1.05233e+01,1.00355e+02
2328,0.5,1.05235e+01,9.98503e+01
2328,1.0,1.05238e+01,9.93508e+01
2329,0.0,1.05846e+01,9.87540e+01
2329,0.5,1.05851e+01,9.82575e+01
2329,1.0,1.05856e+01,9.77660e+01
2330,0.0,1.03187e+01,1.02216e+02
2330,0.5,1.03183e+01,1.01702e+02
2330,1.0,1.03179e+01,1.01194e+02
2331,0.0,1.05643e+01,1.00398e+02
2331,0.5,1.05646e+01,9.98947e+01
2331,1.0,1.05649e+01,9.93961e+01
2332,0.0,1.05621e+01,9.91820e+01
2332,0.5,1.05624e+01,9.86853e+01
2332,1.0,1.05628e+01,9.81935e+01
2333,0.0,1.04151e+01,1.01680e+02
2333,0.5,1.04148e+01,1.01173e+02
2333,1.0,1.04146e+01,1.00672e+02
2334,0.0,1.02613e+01,1.01991e+02
2334,0.5,1.02615e+01,1.01475e+02
2334,1.0,1.02618e+01,1.00965e+02
2335,0.0,1.02122e+01,1.03257e+02
2335,0.5,1.02119e+01,1.02740e+02
2335,1.0,1.02116e+01,1.02228e+02
2336,0.0,1.03495e+01,1.00411e+02
2336,0.5,1.03497e+01,9.99065e+01
2336,1.0,1.03499e+01,9.94071e+01
2337,0.0,1.04037e+01,1.01615e+02
2337,0.5,1.04030e+01,1.01114e+02
2337,1.0,1.04023e+01,1.00618e+02
2338,0.0,1.06167e+01,9.95631e+01
2338,0.5,1.06172e+01,9.90644e+01
2338,1.0,1.06177e+01,9.85706e+01
2339,0.0,1.06569e+01,9.96269e+01
2339,0.5,1.06576e+01,9.91229e+01
2339,1.0,1.06583e+01,9.86238e+01
2340,0.0,1.04580e+01,1.00490e+02
2340,0.5,1.04584e+01,9.99846e+01
2340,1.0,1.04589e+01,9.94844e+01
2341,0.0,1.06326e+01,9.99796e+01
2341,0.5,1.06331e+01,9.94778e+01
2341,1.0,1.06335e+01,9.89811e+01
2342,0.0,1.05528e+01,1.00541e+02
2342,0.5,1.05525e+01,1.00046e+02
2342,1.0,1.05521e+01,9.95565e+01
2343,0.0,1.03267e+01,1.03685e+02
2343,0.5,1.03257e+01,1.03176e+02
2343,1.0,1.03247e+01,1.02672e+02
2344,0.0,1.04951e+01,1.01235e+02
2344,0.5,1.04946e+01,1.00731e+02
2344,1.0,1.04941e+01,1.00233e+02
2345,0.0,1.02513e+01,1.02302e+02
2345,0.5,1.02509e+01,1.01789e+02
2345,1.0,1.02506e+01,1.01281e+02
2346,0.0,1.04174e+01,1.01105e+02
2346,0.5,1.04169e+01,1.00604e+02
2346,1.0,1.04164e+01,1.00107e+02
2347,0.0,1.01247e+01,1.04089e+02
2347,0.5,1.01236e+01,1.03577e+02
2347,1.0,1.01225e+01,1.03070e+02
2348,0.0,1.05260e+01,9.92436e+01
2348,0.5,1.05267e+01,9.87417e+01
2348,1.0,1.05274e+01,9.82449e+01
2349,0.0,1.04152e+01,1.01611e+02
2349,0.5,1.04148e+01,1.01107e+02
2349,1.0,1.04145e+01,1.00607e+02
2350,0.0,1.04062e+01,1.00330e+02
2350,0.5,1.04059e+01,9.98315e+01
2350,1.0,1.04057e+01,9.93379e+01
2351,0.0,1.06918e+01,9.88253e+01
2351,0.5,1.06921e+01,9.83316e+01
2351,1.0,1.06923e+01,9.78428e+01
2352,0.0,1.03382e+01,1.02099e+02
2352,0.5,1.03380e+01,1.01589e+02
2352,1.0,1.03378e+01,1.01084e+02
2353,0.0,1.03222e+01,1.00581e+02
2353,0.5,1.03226e+01,1.00072e+02
2353,1.0,1.03230e+01,9.95676e+01
2354,0.0,1.07375e+01,9.86246e+01
2354,0.5,1.07377e+01,9.81348e+01
2354,1.0,1.07378e+01,9.76500e+01
2355,0.0,1.01999e+01,1.01257e+02
2355,0.5,1.02002e+01,1.00744e+02
2355,1.0,1.02005e+01,1.00235e+02
2356,0.0,1.08441e+01,9.83363e+01
2356,0.5,1.08440e+01,9.78532e+01
2356,1.0,1.08439e+01,9.73749e+01
2357,0.0,1.04891e+01,1.01774e+02
2357,0.5,1.04891e+01,1.01266e+02
2357,1.0,1.04891e+01,1.00762e+02
2358,0.0,1.07400e+01,9.64924e+01
2358,0.5,1.07417e+01,9.59949e+01
2358,1.0,1.07435e+01,9.55024e+01
2359,0.0,1.06730e+01,9.90752e+01
2359,0.5,1.06729e+01,9.85842e+01
2359,1.0,1.06728e+01,9.80980e+01
2360,0.0,1.05535e+01,1.00294e+02
2360,0.5,1.05538e+01,9.97909e+01
2360,1.0,1.05542e+01,9.92923e+01
2361,0.0,1.06771e+01,9.79446e+01
2361,0.5,1.06773e+01,9.74599e+01
2361,1.0,1.06774e+01,9.69799e+01
2362,0.0,1.06686e+01,9.95878e+01
2362,0.5,1.06680e+01,9.91011e+01
2362,1.0,1.06675e+01,9.86192e+01
2363,0.0,1.06920e+01,9.91501e+01
2363,0.5,1.06926e+01,9.86497e+01
2363,1.0,1.06932e+01,9.81544e+01
2364,0.0,1.02384e+01,1.01369e+02
2364,0.5,1.02386e+01,1.00854e+02
2364,1.0,1.02387e+01,1.00344e+02
2365,0.0,1.01907e+01,1.03598e+02
2365,0.5,1.01904e+01,1.03078e+02
2365,1.0,1.01901e+01,1.02563e+02
2366,0.0,1.01760e+01,1.03398e+02
2366,0.5,1.01751e+01,1.02889e+02
2366,1.0,1.01741e+01,1.02385e+02
2367,0.0,1.05562e+01,9.96790e+01
2367,0.5,1.05562e+01,9.91823e+01
2367,1.0,1.05562e+01,9.86906e+01
2368,0.0,1.07024e+01,1.00856e+02
2368,0.5,1.07016e+01,1.00364e+02
2368,1.0,1.07009e+01,9.98756e+01
2369,0.0,1.02276e+01,1.02056e+02
2369,0.5,1.02273e+01,1.01547e+02
2369,1.0,1.02269e+01,1.01044e+02
2370,0.0,1.00759e+01,1.04193e+02
2370,0.5,1.00749e+01,1.03674e+02
2370,1.0,1.00740e+01,1.03160e+02
2371,0.0,1.02050e+01,1.04348e+02
2371,0.5,1.02039e+01,1.03834e+02
2371,1.0,1.02028e+01,1.03325e+02
2372,0.0,1.02525e+01,1.00622e+02
2372,0.5,1.02527e+01,1.00112e+02
2372,1.0,1.02529e+01,9.96076e+01
2373,0.0,1.05300e+01,1.00327e+02
2373,0.5,1.05299e+01,9.98284e+01
2373,1.0,1.05297e+01,9.93350e+01
2374,0.0,1.01868e+01,1.03295e+02
2374,0.5,1.01858e+01,1.02787e+02
2374,1.0,1.01849e+01,1.02284e+02
2375,0.0,1.06418e+01,9.95089e+01
2375,0.5,1.06425e+01,9.90052e+01
2375,1.0,1.06431e+01,9.85066e+01
2376,0.0,1.01150e+01,1.04261e+02
2376,0.5,1.01137e+01,1.03754e+02
2376,1.0,1.01124e+01,1.03251e+02
2377,0.0,1.07502e+01,9.82558e+01
2377,0.5,1.07510e+01,9.77605e+01
2377,1.0,1.07518e+01,9.72702e+01
2378,0.0,1.04748e+01,9.98149e+01
2378,0.5,1.04758e+01,9.93081e+01
2378,1.0,1.04768e+01,9.88065e+01
2379,0.0,1.05769e+01,1.00284e+02
2379,0.5,1.05767e+01,9.97858e+01
2379,1.0,1.05764e+01,9.92929e+01
2380,0.0,1.07672e+01,9.84039e+01
2380,0.5,1.07675e+01,9.79099e+01
2380,1.0,1.07678e+01,9.74210e+01
2381,0.0,1.03538e+01,1.02575e+02
2381,0.5,1.03532e+01,1.02068e+02
2381,1.0,1.03526e+01,1.01567e+02
2382,0.0,1.06615e+01,9.87289e+01
2382,0.5,1.06615e+01,9.82371e+01
2382,1.0,1.06614e+01,9.77502e+01
2383,0.0,1.10934e+01,9.53143e+01
2383,0.5,1.10947e+01,9.48343e+01
2383,1.0,1.10961e+01,9.43591e+01
2384,0.0,1.01523e+01,1.04402e+02
2384,0.5,1.01514e+01,1.03884e+02
2384,1.0,1.01505e+01,1.03370e+02
2385,0.0,1.03747e+01,1.01204e+02
2385,0.5,1.03741e+01,1.00702e+02
2385,1.0,1.03736e+01,1.00206e+02
2386,0.0,1.04904e+01,1.00461e+02
2386,0.5,1.04909e+01,9.99514e+01
2386,1.0,1.04914e+01,9.94465e+01
2387,0.0,1.02430e+01,1.02190e+02
2387,0.5,1.02425e+01,1.01680e+02
2387,1.0,1.02421e+01,1.01176e+02
2388,0.0,1.03740e+01,1.01776e+02
2388,0.5,1.03734e+01,1.01275e+02
2388,1.0,1.03728e+01,1.00780e+02
2389,0.0,1.04770e+01,1.00221e+02
2389,0.5,1.04771e+01,9.97182e+01
2389,1.0,1.04772e+01,9.92206e+01
2390,0.0,1.06174e+01,9.97408e+01
2390,0.5,1.06175e+01,9.92422e+01
2390,1.0,1.06176e+01,9.87486e+01
2391,0.0,1.05045e+01,1.00608e+02
2391,0.5,1.05048e+01,1.00104e+02
2391,1.0,1.05050e+01,9.96039e+01
2392,0.0,1.04364e+01,1.01601e+02
2392,0.5,1.04354e+01,1.01100e+02
2392,1.0,1.04344e+01,1.00603e+02
2393,0.0,1.03312e+01,1.01381e+02
2393,0.5,1.03312e+01,1.00870e+02
2393,1.0,1.03312e+01,1.00365e+02
2394,0.0,1.05448e+01,1.00771e+02
2394,0.5,1.05447e+01,1.00273e+02
2394,1.0,1.05445e+01,9.97792e+01
2395,0.0,1.04037e+01,1.00497e+02
2395,0.5,1.04039e+01,9.99912e+01
2395,1.0,1.04041e+01,9.94909e+01
2396,0.0,1.05897e+01,9.95019e+01
2396,0.5,1.05900e+01,9.90026e+01
2396,1.0,1.05902e+01,9.85083e+01
2397,0.0,1.02328e+01,1.01727e+02
2397,0.5,1.02329e+01,1.01213e+02
2397,1.0,1.02331e+01,1.00705e+02
2398,0.0,1.04275e+01,1.02509e+02
2398,0.5,1.04266e+01,1.02008e+02
2398,1.0,1.04257e+01,1.01511e+02
2399,0.0,1.06206e+01,9.97794e+01
2399,0.5,1.06211e+01,9.92779e+01
2399,1.0,1.06216e+01,9.87814e+01
2400,0.0,1.05000e+01,1.01297e+02
2400,0.5,1.04994e+01,1.00797e+02
2400,1.0,1.04988e+01,1.00302e+02
2401,0.0,1.03404e+01,1.02188e+02
2401,0.5,1.03401e+01,1.01681e+02
2401,1.0,1.03397e+01,1.01180e+02
2402,0.0,1.03957e+01,1.01440e+02
2402,0.5,1.03956e+01,1.00935e+02
2402,1.0,1.03954e+01,1.00436e+02
2403,0.0,1.07782e+01,9.73304e+01
2403,0.5,1.07789e+01,9.68414e+01
2403,1.0,1.07796e+01,9.63574e+01
2404,0.0,1.03368e+01,1.01650e+02
2404,0.5,1.03365e+01,1.01145e+02
2404,1.0,1.03362e+01,1.00646e+02
2405,0.0,1.04847e+01,9.88778e+01
2405,0.5,1.04850e+01,9.83786e+01
2405,1.0,1.04854e+01,9.78844e+01
2406,0.0,1.06271e+01,9.95889e+01
2406,0.5,1.06276e+01,9.90914e+01
2406,1.0,1.06280e+01,9.85987e+01
2407,0.0,1.03420e+01,1.01281e+02
2407,0.5,1.03416e+01,1.00776e+02
2407,1.0,1.03413e+01,1.00275e+02
2408,0.0,1.05677e+01,9.88289e+01
2408,0.5,1.05683e+01,9.83282e+01
2408,1.0,1.05689e+01,9.78325e+01
2409,0.0,1.05735e+01,9.87422e+01
2409,0.5,1.05738e+01,9.82472e+01
2409,1.0,1.05741e+01,9.77572e+01
2410,0.0,1.02815e+01,1.01681e+02
2410,0.5,1.02816e+01,1.01172e+02
2410,1.0,1.02817e+01,1.00668e+02
2411,0.0,1.07079e+01,9.91166e+01
2411,0.5,1.07086e+01,9.86166e+01
2411,1.0,1.07092e+01,9.81218e+01
2412,0.0,1.05725e+01,9.96455e+01
2412,0.5,1.05723e+01,9.91520e+01
2412,1.0,1.05722e+01,9.86633e+01
2413,0.0,1.01690e+01,1.02438e+02
2413,0.5,1.01681e+01,1.01930e+02
2413,1.0,1.01672e+01,1.01427e+02
2414,0.0,1.04512e+01,1.00824e+02
2414,0.5,1.04516e+01,1.00319e+02
2414,1.0,1.04520e+01,9.98197e+01
2415,0.0,1.01866e+01,1.04099e+02
2415,0.5,1.01857e+01,1.03583e+02
2415,1.0,1.01848e+01,1.03072e+02
2416,0.0,1.02327e+01,1.02676e+02
2416,0.5,1.02322e+01,1.02163e+02
2416,1.0,1.02317e+01,1.01655e+02
2417,0.0,1.04733e+01,1.01437e+02
2417,0.5,1.04733e+01,1.00934e+02
2417,1.0,1.04733e+01,1.00436e+02
2418,0.0,1.04235e+01,1.01182e+02
2418,0.5,1.04228e+01,1.00683e+02
2418,1.0,1.04221e+01,1.00189e+02
2419,0.0,1.02827e+01,1.02204e+02
2419,0.5,1.02825e+01,1.01688e+02
2419,1.0,1.02823e+01,1.01178e+02
2420,0.0,1.05021e+01,9.92049e+01
2420,0.5,1.05025e+01,9.87041e+01
2420,1.0,1.05029e+01,9.82084e+01
2421,0.0,1.08323e+01,9.73456e+01
2421,0.5,1.08326e+01,9.68595e+01
2421,1.0,1.08330e+01,9.63783e+01
2422,0.0,1.07339e+01,9.94660e+01
2422,0.5,1.07344e+01,9.89671e+01
2422,1.0,1.07350e+01,9.84732e+01
2423,0.0,1.01695e+01,1.03451e+02
2423,0.5,1.01686e+01,1.02938e+02
2423,1.0,1.01678e+01,1.02430e+02
2424,0.0,1.05573e+01,9.96073e+01
2424,0.5,1.05573e+01,9.91073e+01
2424,1.0,1.05573e+01,9.86124e+01
2425,0.0,1.04275e+01,1.00692e+02
2425,0.5,1.04274e+01,1.00189e+02
2425,1.0,1.04272e+01,9.96913e+01
2426,0.0,1.05755e+01,1.00002e+02
2426,0.5,1.05755e+01,9.95014e+01
2426,1.0,1.05756e+01,9.90055e+01
2427,0.0,1.05191e+01,9.98754e+01
2427,0.5,1.05196e+01,9.93688e+01
2427,1.0,1.05202e+01,9.88673e+01
2428,0.0,1.03155e+01,1.01594e+02
2428,0.5,1.03152e+01,1.01085e+02
2428,1.0,1.03149e+01,1.00581e+02
2429,0.0,1.04687e+01,1.00714e+02
2429,0.5,1.04687e+01,1.00211e+02
2429,1.0,1.04687e+01,9.97128e+01
2430,0.0,1.05991e+01,9.92670e+01
2430,0.5,1.06001e+01,9.87616e+01
2430,1.0,1.06011e+01,9.82613e+01
2431,0.0,1.04931e+01,1.00680e+02
2431,0.5,1.04929e+01,1.00178e+02
2431,1.0,1.04928e+01,9.96810e+01
2432,0.0,1.07867e+01,9.72986e+01
2432,0.5,1.07877e+01,9.68091e+01
2432,1.0,1.07888e+01,9.63245e+01
2433,0.0,1.08252e+01,9.85357e+01
2433,0.5,1.08259e+01,9.80394e+01
2433,1.0,1.08266e+01,9.75480e+01
2434,0.0,1.04630e+01,9.98546e+01
2434,0.5,1.04634e+01,9.93492e+01
2434,1.0,1.04637e+01,9.88489e+01
2435,0.0,1.00007e+01,1.03692e+02
2435,0.5,9.99995e+00,1.03174e+02
2435,1.0,9.99917e+00,1.02662e+02
2436,0.0,1.03865e+01,1.00832e+02
2436,0.5,1.03866e+01,1.00327e+02
2436,1.0,1.03867e+01,9.98264e+01
2437,0.0,1.03803e+01,1.01352e+02
2437,0.5,1.03795e+01,1.00852e+02
2437,1.0,1.03788e+01,1.00357e+02
2438,0.0,1.03872e+01,1.00513e+02
2438,0.5,1.03870e+01,1.00010e+02
2438,1.0,1.03868e+01,9.95120e+01
2439,0.0,1.03526e+01,1.02618e+02
2439,0.5,1.03525e+01,1.02101e+02
2439,1.0,1.03524e+01,1.01590e+02
2440,0.0,1.04085e+01,1.01387e+02
2440,0.5,1.04081e+01,1.00883e+02
2440,1.0,1.04076e+01,1.00384e+02
2441,0.0,1.06491e+01,9.88866e+01
2441,0.5,1.06499e+01,9.83869e+01
2441,1.0,1.06506e+01,9.78923e+01
2442,0.0,1.06419e+01,9.99999e+01
2442,0.5,1.06416e+01,9.95047e+01
2442,1.0,1.06412e+01,9.90144e+01
2443,0.0,1.04408e+01,1.01305e+02
2443,0.5,1.04399e+01,1.00809e+02
2443,1.0,1.04390e+01,1.00317e+02
2444,0.0,1.05172e+01,1.00255e+02
2444,0.5,1.05170e+01,9.97550e+01
2444,1.0,1.05168e+01,9.92596e+01
2445,0.0,1.04024e+01,1.01689e+02
2445,0.5,1.04012e+01,1.01196e+02
2445,1.0,1.04000e+01,1.00708e+02
2446,0.0,1.03280e+01,1.03193e+02
2446,0.5,1.03267e+01,1.02691e+02
2446,1.0,1.03254e+01,1.02194e+02
2447,0.0,1.05575e+01,1.00173e+02
2447,0.5,1.05576e+01,9.96719e+01
2447,1.0,1.05577e+01,9.91760e+01
2448,0.0,1.04366e+01,1.01063e+02
2448,0.5,1.04360e+01,1.00563e+02
2448,1.0,1.04354e+01,1.00068e+02
2449,0.0,1.05934e+01,9.92198e+01
2449,0.5,1.05940e+01,9.87189e+01
2449,1.0,1.05946e+01,9.82231e+01
2450,0.0,1.06751e+01,9.91275e+01
2450,0.5,1.06757e+01,9.86334e+01
2450,1.0,1.06763e+01,9.81443e+01
2451,0.0,1.06045e+01,9.96587e+01
2451,0.5,1.06046e+01,9.91595e+01
2451,1.0,1.06047e+01,9.86653e+01
2452,0.0,1.07449e+01,9.83987e+01
2452,0.5,1.07452e+01,9.79074e+01
2452,1.0,1.07455e+01,9.74210e+01
2453,0.0,1.05027e+01,1.01094e+02
2453,0.5,1.05019e+01,1.00599e+02
2453,1.0,1.05010e+01,1.00109e+02
2454,0.0,1.06420e+01,9.94179e+01
2454,0.5,1.06420e+01,9.89228e+01
2454,1.0,1.06420e+01,9.84325e+01
2455,0.0,1.05764e+01,9.88540e+01
2455,0.5,1.05771e+01,9.83534e+01
2455,1.0,1.05778e+01,9.78579e+01
2456,0.0,1.02859e+01,1.01558e+02
2456,0.5,1.02860e+01,1.01046e+02
2456,1.0,1.02861e+01,1.00538e+02
2457,0.0,1.07848e+01,9.88590e+01
2457,0.5,1.07856e+01,9.83637e+01
2457,1.0,1.07865e+01,9.78733e+01
2458,0.0,1.04307e+01,1.01190e+02
2458,0.5,1.04305e+01,1.00687e+02
2458,1.0,1.04304e+01,1.00188e+02
2459,0.0,1.05849e+01,1.00433e+02
2459,0.5,1.05849e+01,9.99331e+01
2459,1.0,1.05850e+01,9.94381e+01
2460,0.0,1.03139e+01,1.00823e+02
2460,0.5,1.03134e+01,1.00321e+02
2460,1.0,1.03128e+01,9.98244e+01
2461,0.0,1.04081e+01,1.00501e+02
2461,0.5,1.04077e+01,1.00003e+02
2461,1.0,1.04073e+01,9.95094e+01
2462,0.0,1.02691e+01,1.02474e+02
2462,0.5,1.02687e+01,1.01962e+02
2462,1.0,1.02682e+01,1.01455e+02
2463,0.0,1.01765e+01,1.03915e+02
2463,0.5,1.01750e+01,1.03409e+02
2463,1.0,1.01735e+01,1.02907e+02
2464,0.0,1.05526e+01,1.00437e+02
2464,0.5,1.05528e+01,9.99330e+01
2464,1.0,1.05530e+01,9.94342e+01
2465,0.0,1.03734e+01,1.01750e+02
2465,0.5,1.03732e+01,1.01246e+02
2465,1.0,1.03730e+01,1.00747e+02
2466,0.0,1.05972e+01,9.95887e+01
2466,0.5,1.05975e+01,9.90882e+01
2466,1.0,1.05979e+01,9.85927e+01
2467,0.0,1.00887e+01,1.03306e+02
2467,0.5,1.00888e+01,1.02782e+02
2467,1.0,1.00890e+01,1.02263e+02
2468,0.0,1.06053e+01,1.00411e+02
2468,0.5,1.06055e+01,9.99095e+01
2468,1.0,1.06058e+01,9.94128e+01
2469,0.0,1.04876e+01,1.00387e+02
2469,0.5,1.04875e+01,9.98830e+01
2469,1.0,1.04875e+01,9.93844e+01
2470,0.0,1.02155e+01,1.02611e+02
2470,0.5,1.02147e+01,1.02100e+02
2470,1.0,1.02138e+01,1.01595e+02
2471,0.0,1.04849e+01,1.01007e+02
2471,0.5,1.04850e+01,1.00506e+02
2471,1.0,1.04851e+01,1.00010e+02
2472,0.0,1.06582e+01,9.95815e+01
2472,0.5,1.06582e+01,9.90846e+01
2472,1.0,1.06583e+01,9.85927e+01
2473,0.0,1.05483e+01,1.00794e+02
2473,0.5,1.05486e+01,1.00285e+02
2473,1.0,1.05489e+01,9.97815e+01
2474,0.0,1.07428e+01,9.80124e+01
2474,0.5,1.07434e+01,9.75201e+01
2474,1.0,1.07440e+01,9.70327e+01
2475,0.0,1.03856e+01,1.01999e+02
2475,0.5,1.03849e+01,1.01496e+02
2475,1.0,1.03842e+01,1.00998e+02
2476,0.0,1.02490e+01,1.02814e+02
2476,0.5,1.02482e+01,1.02308e+02
2476,1.0,1.02474e+01,1.01808e+02
2477,0.0,1.04529e+01,1.01261e+02
2477,0.5,1.04531e+01,1.00751e+02
2477,1.0,1.04534e+01,1.00245e+02
2478,0.0,1.05624e+01,9.96975e+01
2478,0.5,1.05625e+01,9.91998e+01
2478,1.0,1.05627e+01,9.87071e+01
2479,0.0,1.06232e+01,1.00403e+02
2479,0.5,1.06233e+01,9.99035e+01
2479,1.0,1.06235e+01,9.94095e+01
2480,0.0,1.02130e+01,1.02759e+02
2480,0.5,1.02119e+01,1.02251e+02
2480,1.0,1.02109e+01,1.01748e+02
2481,0.0,1.04201e+01,1.01507e+02
2481,0.5,1.04197e+01,1.01004e+02
2481,1.0,1.04193e+01,1.00506e+02
2482,0.0,1.05059e+01,9.91617e+01
2482,0.5,1.05067e+01,9.86600e+01
2482,1.0,1.05075e+01,9.81633e+01
2483,0.0,1.04523e+01,1.00615e+02
2483,0.5,1.04528e+01,1.00107e+02
2483,1.0,1.04532e+01,9.96039e+01
2484,0.0,1.03842e+01,1.01574e+02
2484,0.5,1.03845e+01,1.01063e+02
2484,1.0,1.03847e+01,1.00557e+02
2485,0.0,1.03923e+01,1.00895e+02
2485,0.5,1.03915e+01,1.00395e+02
2485,1.0,1.03907e+01,9.99005e+01
2486,0.0,1.04729e+01,1.01162e+02
2486,0.5,1.04728e+01,1.00661e+02
2486,1.0,1.04727e+01,1.00164e+02
2487,0.0,1.03540e+01,1.00539e+02
2487,0.5,1.03537e+01,1.00038e+02
2487,1.0,1.03534e+01,9.95430e+01
2488,0.0,1.03610e+01,1.01369e+02
2488,0.5,1.03603e+01,1.00866e+02
2488,1.0,1.03596e+01,1.00369e+02
2489,0.0,1.03407e+01,1.02389e+02
2489,0.5,1.03396e+01,1.01885e+02
2489,1.0,1.03385e+01,1.01387e+02
2490,0.0,1.04297e+01,1.00440e+02
2490,0.5,1.04298e+01,9.99345e+01
2490,1.0,1.04299e+01,9.94344e+01
2491,0.0,1.03769e+01,1.01416e+02
2491,0.5,1.03766e+01,1.00909e+02
2491,1.0,1.03763e+01,1.00407e+02
2492,0.0,1.06699e+01,9.83324e+01
2492,0.5,1.06711e+01,9.78285e+01
2492,1.0,1.06723e+01,9.73296e+01
2493,0.0,1.05015e+01,1.01333e+02
2493,0.5,1.05012e+01,1.00831e+02
2493,1.0,1.05010e+01,1.00335e+02
2494,0.0,1.02882e+01,1.02440e+02
2494,0.5,1.02873e+01,1.01935e+02
2494,1.0,1.02864e+01,1.01436e+02
2495,0.0,1.04696e+01,1.01984e+02
2495,0.5,1.04687e+01,1.01482e+02
2495,1.0,1.04677e+01,1.00985e+02
2496,0.0,1.02422e+01,1.01020e+02
2496,0.5,1.02423e+01,1.00509e+02
2496,1.0,1.02425e+01,1.00003e+02
2497,0.0,1.03379e+01,1.02330e+02
2497,0.5,1.03363e+01,1.01834e+02
2497,1.0,1.03348e+01,1.01343e+02
2498,0.0,1.05471e+01,9.95301e+01
2498,0.5,1.05474e+01,9.90308e+01
2498,1.0,1.05478e+01,9.85365e+01
2499,0.0,1.08098e+01,9.78815e+01
2499,0.5,1.08103e+01,9.73925e+01
2499,1.0,1.08107e+01,9.69084e+01
2500,0.0,1.03401e+01,1.03066e+02
2500,0.5,1.03392e+01,1.02561e+02
2500,1.0,1.03382e+01,1.02061e+02
2501,0.0,1.02514e+01,1.01726e+02
2501,0.5,1.02508e+01,1.01221e+02
2501,1.0,1.02502e+01,1.00721e+02
2502,0.0,1.05178e+01,1.01176e+02
2502,0.5,1.05175e+01,1.00674e+02
2502,1.0,1.05171e+01,1.00176e+02
2503,0.0,1.03931e+01,1.01449e+02
2503,0.5,1.03926e+01,1.00947e+02
2503,1.0,1.03920e+01,1.00449e+02
2504,0.0,1.05207e+01,1.00958e+02
2504,0.5,1.05205e+01,1.00457e+02
2504,1.0,1.05203e+01,9.99607e+01
2505,0.0,1.05228e+01,1.00287e+02
2505,0.5,1.05220e+01,9.97949e+01
2505,1.0,1.05211e+01,9.93081e+01
2506,0.0,1.05905e+01,9.97482e+01
2506,0.5,1.05904e+01,9.92496e+01
2506,1.0,1.05904e+01,9.87560e+01
2507,0.0,1.02599e+01,1.03522e+02
2507,0.5,1.02588e+01,1.03012e+02
2507,1.0,1.02578e+01,1.02507e+02
2508,0.0,1.04288e+01,1.00677e+02
2508,0.5,1.04287e+01,1.00174e+02
2508,1.0,1.04286e+01,9.96747e+01
2509,0.0,1.05866e+01,1.00506e+02
2509,0.5,1.05874e+01,9.99978e+01
2509,1.0,1.05881e+01,9.94943e+01
2510,0.0,1.03256e+01,1.01564e+02
2510,0.5,1.03253e+01,1.01056e+02
2510,1.0,1.03250e+01,1.00553e+02
2511,0.0,1.01638e+01,1.02906e+02
2511,0.5,1.01640e+01,1.02386e+02
2511,1.0,1.01642e+01,1.01871e+02
2512,0.0,1.05654e+01,1.00880e+02
2512,0.5,1.05648e+01,1.00381e+02
2512,1.0,1.05642e+01,9.98864e+01
2513,0.0,1.03931e+01,9.97627e+01
2513,0.5,1.03936e+01,9.92578e+01
2513,1.0,1.03942e+01,9.87580e+01
2514,0.0,1.06890e+01,9.75120e+01
2514,0.5,1.06899e+01,9.70186e+01
2514,1.0,1.06908e+01,9.65302e+01
2515,0.0,1.05548e+01,1.00183e+02
2515,0.5,1.05546e+01,9.96843e+01
2515,1.0,1.05543e+01,9.91903e+01
2516,0.0,1.06860e+01,9.85333e+01
2516,0.5,1.06864e+01,9.80384e+01
2516,1.0,1.06868e+01,9.75484e+01
2517,0.0,1.03803e+01,1.01224e+02
2517,0.5,1.03803e+01,1.00717e+02
2517,1.0,1.03804e+01,1.00215e+02
2518,0.0,1.04072e+01,1.01554e+02
2518,0.5,1.04067e+01,1.01048e+02
2518,1.0,1.04062e+01,1.00547e+02
2519,0.0,1.04128e+01,1.00309e+02
2519,0.5,1.04130e+01,9.98039e+01
2519,1.0,1.04133e+01,9.93035e+01
2520,0.0,1.02504e+01,1.01801e+02
2520,0.5,1.02503e+01,1.01290e+02
2520,1.0,1.02501e+01,1.00784e+02
2521,0.0,1.05013e+01,1.00198e+02
2521,0.5,1.05007e+01,9.97051e+01
2521,1.0,1.05001e+01,9.92174e+01
2522,0.0,1.04143e+01,1.02083e+02
2522,0.5,1.04131e+01,1.01584e+02
2522,1.0,1.04118e+01,1.01091e+02
2523,0.0,1.04122e+01,1.02005e+02
2523,0.5,1.04123e+01,1.01493e+02
2523,1.0,1.04124e+01,1.00987e+02
2524,0.0,1.03369e+01,1.01829e+02
2524,0.5,1.03362e+01,1.01324e+02
2524,1.0,1.03355e+01,1.00825e+02
2525,0.0,1.06899e+01,9.80616e+01
2525,0.5,1.06906e+01,9.75681e+01
2525,1.0,1.06912e+01,9.70796e+01
2526,0.0,1.03823e+01,1.01590e+02
2526,0.5,1.03817e+01,1.01085e+02
2526,1.0,1.03811e+01,1.00585e+02
2527,0.0,1.06787e+01,9.90483e+01
2527,0.5,1.06791e+01,9.85513e+01
2527,1.0,1.06795e+01,9.80594e+01
2528,0.0,1.05791e+01,9.91207e+01
2528,0.5,1.05798e+01,9.86219e+01
2528,1.0,1.05806e+01,9.81279e+01
2529,0.0,1.05068e+01,1.00007e+02
2529,0.5,1.05070e+01,9.95067e+01
2529,1.0,1.05072e+01,9.90116e+01
2530,0.0,1.05858e+01,9.98659e+01
2530,0.5,1.05865e+01,9.93630e+01
2530,1.0,1.05871e+01,9.88652e+01
2531,0.0,1.03312e+01,1.02189e+02
2531,0.5,1.03314e+01,1.01676e+02
2531,1.0,1.03316e+01,1.01167e+02
2532,0.0,1.07247e+01,9.84226e+01
2532,0.5,1.07254e+01,9.79280e+01
2532,1.0,1.07261e+01,9.74384e+01
2533,0.0,1.07463e+01,9.82034e+01
2533,0.5,1.07471e+01,9.77067e+01
2533,1.0,1.07478e+01,9.72151e+01
2534,0.0,1.07809e+01,9.78859e+01
2534,0.5,1.07816e+01,9.73946e+01
2534,1.0,1.07822e+01,9.69083e+01
2535,0.0,1.05228e+01,1.00477e+02
2535,0.5,1.05228e+01,9.99760e+01
2535,1.0,1.05228e+01,9.94800e+01
2536,0.0,1.03616e+01,1.02003e+02
2536,0.5,1.03612e+01,1.01495e+02
2536,1.0,1.03607e+01,1.00992e+02
2537,0.0,1.07192e+01,9.79912e+01
2537,0.5,1.07195e+01,9.75011e+01
2537,1.0,1.07198e+01,9.70159e+01
2538,0.0,1.07955e+01,9.79410e+01
2538,0.5,1.07962e+01,9.74489e+01
2538,1.0,1.07969e+01,9.69617e+01
2539,0.0,1.04575e+01,9.99990e+01
2539,0.5,1.04574e+01,9.95015e+01
2539,1.0,1.04573e+01,9.90089e+01
2540,0.0,1.05036e+01,1.01024e+02
2540,0.5,1.05041e+01,1.00516e+02
2540,1.0,1.05045e+01,1.00013e+02
2541,0.0,1.05259e+01,1.01218e+02
2541,0.5,1.05254e+01,1.00720e+02
2541,1.0,1.05249e+01,1.00227e+02
2542,0.0,1.07610e+01,9.80888e+01
2542,0.5,1.07622e+01,9.75899e+01
2542,1.0,1.07634e+01,9.70959e+01
2543,0.0,1.07721e+01,9.77137e+01
2543,0.5,1.07725e+01,9.72254e+01
2543,1.0,1.07729e+01,9.67419e+01
2544,0.0,1.06611e+01,9.87500e+01
2544,0.5,1.06621e+01,9.82473e+01
2544,1.0,1.06630e+01,9.77496e+01
2545,0.0,1.03609e+01,1.02764e+02
2545,0.5,1.03607e+01,1.02251e+02
2545,1.0,1.03605e+01,1.01744e+02
2546,0.0,1.05099e+01,1.01184e+02
2546,0.5,1.05096e+01,1.00680e+02
2546,1.0,1.05094e+01,1.00180e+02
2547,0.0,1.04625e+01,9.97408e+01
2547,0.5,1.04622e+01,9.92419e+01
2547,1.0,1.04619e+01,9.87478e+01
2548,0.0,1.05120e+01,1.00294e+02
2548,0.5,1.05123e+01,9.97930e+01
2548,1.0,1.05126e+01,9.92967e+01
2549,0.0,1.02440e+01,1.01438e+02
2549,0.5,1.02441e+01,1.00925e+02
2549,1.0,1.02443e+01,1.00418e+02
2550,0.0,1.06588e+01,9.88097e+01
2550,0.5,1.06590e+01,9.83152e+01
2550,1.0,1.06592e+01,9.78256e+01
2551,0.0,1.06439e+01,9.89240e+01
2551,0.5,1.06443e+01,9.84273e+01
2551,1.0,1.06447e+01,9.79356e+01
2552,0.0,1.05167e+01,1.00062e+02
2552,0.5,1.05169e+01,9.95571e+01
2552,1.0,1.05171e+01,9.90573e+01
2553,0.0,1.04631e+01,1.00114e+02
2553,0.5,1.04636e+01,9.96105e+01
2553,1.0,1.04640e+01,9.91116e+01
2554,0.0,1.01662e+01,1.04436e+02
2554,0.5,1.01649e+01,1.03921e+02
2554,1.0,1.01637e+01,1.03411e+02
2555,0.0,1.02673e+01,1.02575e+02
2555,0.5,1.02667e+01,1.02067e+02
2555,1.0,1.02661e+01,1.01564e+02
2556,0.0,1.00963e+01,1.03428e+02
2556,0.5,1.00954e+01,1.02914e+02
2556,1.0,1.00945e+01,1.02404e+02
2557,0.0,1.05975e+01,9.93011e+01
2557,0.5,1.05980e+01,9.88009e+01
2557,1.0,1.05985e+01,9.83057e+01
2558,0.0,1.04887e+01,1.00125e+02
2558,0.5,1.04888e+01,9.96232e+01
2558,1.0,1.04890e+01,9.91263e+01
2559,0.0,1.06224e+01,1.00289e+02
2559,0.5,1.06223e+01,9.97896e+01
2559,1.0,1.06223e+01,9.92953e+01
2560,0.0,1.04083e+01,1.00066e+02
2560,0.5,1.04084e+01,9.95648e+01
2560,1.0,1.04085e+01,9.90683e+01
2561,0.0,1.03506e+01,1.00881e+02
2561,0.5,1.03504e+01,1.00378e+02
2561,1.0,1.03501e+01,9.98804e+01
2562,0.0,1.03105e+01,1.01122e+02
2562,0.5,1.03101e+01,1.00620e+02
2562,1.0,1.03097e+01,1.00123e+02
2563,0.0,1.05011e+01,9.98376e+01
2563,0.5,1.05017e+01,9.93307e+01
2563,1.0,1.05024e+01,9.88289e+01
2564,0.0,1.04763e+01,1.00279e+02
2564,0.5,1.04766e+01,9.97739e+01
2564,1.0,1.04769e+01,9.92742e+01
2565,0.0,1.06642e+01,9.92519e+01
2565,0.5,1.06648e+01,9.87512e+01
2565,1.0,1.06654e+01,9.82556e+01
2566,0.0,1.02677e+01,1.02154e+02
2566,0.5,1.02671e+01,1.01645e+02
2566,1.0,1.02665e+01,1.01141e+02
2567,0.0,1.02422e+01,1.02952e+02
2567,0.5,1.02414e+01,1.02444e+02
2567,1.0,1.02407e+01,1.01941e+02
2568,0.0,1.01492e+01,1.03450e+02
2568,0.5,1.01489e+01,1.02932e+02
2568,1.0,1.01486e+01,1.02419e+02
2569,0.0,1.06573e+01,9.82159e+01
2569,0.5,1.06581e+01,9.77173e+01
2569,1.0,1.06590e+01,9.72237e+01
2570,0.0,1.00557e+01,1.04305e+02
2570,0.5,1.00553e+01,1.03784e+02
2570,1.0,1.00548e+01,1.03268e+02
2571,0.0,1.03361e+01,1.01414e+02
2571,0.5,1.03356e+01,1.00909e+02
2571,1.0,1.03351e+01,1.00409e+02
2572,0.0,1.02219e+01,1.02494e+02
2572,0.5,1.02216e+01,1.01977e+02
2572,1.0,1.02213e+01,1.01466e+02
2573,0.0,1.04292e+01,1.00462e+02
2573,0.5,1.04291e+01,9.99620e+01
2573,1.0,1.04289e+01,9.94668e+01
2574,0.0,1.03345e+01,1.02834e+02
2574,0.5,1.03339e+01,1.02324e+02
2574,1.0,1.03333e+01,1.01818e+02
2575,0.0,1.07224e+01,9.85279e+01
2575,0.5,1.07230e+01,9.80342e+01
2575,1.0,1.07235e+01,9.75454e+01
2576,0.0,1.04493e+01,1.00137e+02
2576,0.5,1.04500e+01,9.96281e+01
2576,1.0,1.04506e+01,9.91240e+01
2577,0.0,1.04750e+01,1.00545e+02
2577,0.5,1.04755e+01,1.00035e+02
2577,1.0,1.04760e+01,9.95312e+01
2578,0.0,1.05166e+01,9.89185e+01
2578,0.5,1.05175e+01,9.84141e+01
2578,1.0,1.05184e+01,9.79147e+01
2579,0.0,1.09089e+01,9.73390e+01
2579,0.5,1.09101e+01,9.68456e+01
2579,1.0,1.09113e+01,9.63571e+01
2580,0.0,1.07330e+01,9.95644e+01
2580,0.5,1.07335e+01,9.90672e+01
2580,1.0,1.07340e+01,9.85749e+01
2581,0.0,1.05673e+01,9.82822e+01
2581,0.5,1.05683e+01,9.77812e+01
2581,1.0,1.05694e+01,9.72852e+01
2582,0.0,1.02117e+01,1.02718e+02
2582,0.5,1.02108e+01,1.02211e+02
2582,1.0,1.02099e+01,1.01708e+02
2583,0.0,1.04049e+01,9.97929e+01
2583,0.5,1.04053e+01,9.92895e+01
2583,1.0,1.04056e+01,9.87910e+01
2584,0.0,1.05717e+01,9.96486e+01
2584,0.5,1.05715e+01,9.91536e+01
2584,1.0,1.05713e+01,9.86635e+01
2585,0.0,1.03904e+01,9.98868e+01
2585,0.5,1.03904e+01,9.93870e+01
2585,1.0,1.03904e+01,9.88922e+01
2586,0.0,1.05635e+01,1.00388e+02
2586,0.5,1.05638e+01,9.98842e+01
2586,1.0,1.05641e+01,9.93858e+01
2587,0.0,1.08834e+01,9.57668e+01
2587,0.5,1.08847e+01,9.52801e+01
2587,1.0,1.08860e+01,9.47984e+01
2588,0.0,1.06936e+01,9.96703e+01
2588,0.5,1.06937e+01,9.91717e+01
2588,1.0,1.06939e+01,9.86781e+01
2589,0.0,1.02520e+01,1.02773e+02
2589,0.5,1.02517e+01,1.02260e+02
2589,1.0,1.02513e+01,1.01752e+02
2590,0.0,1.07309e+01,9.88964e+01
2590,0.5,1.07313e+01,9.84039e+01
2590,1.0,1.07316e+01,9.79162e+01
2591,0.0,1.02509e+01,1.02335e+02
2591,0.5,1.02505e+01,1.01823e+02
2591,1.0,1.02501e+01,1.01315e+02
2592,0.0,1.04289e+01,1.00813e+02
2592,0.5,1.04284e+01,1.00313e+02
2592,1.0,1.04278e+01,9.98174e+01
2593,0.0,1.02720e+01,1.01463e+02
2593,0.5,1.02723e+01,1.00949e+02
2593,1.0,1.02726e+01,1.00440e+02
2594,0.0,1.08109e+01,9.82639e+01
2594,0.5,1.08115e+01,9.77760e+01
2594,1.0,1.08121e+01,9.72929e+01
2595,0.0,1.04553e+01,1.00726e+02
2595,0.5,1.04549e+01,1.00228e+02
2595,1.0,1.04546e+01,9.97347e+01
2596,0.0,1.00424e+01,1.04835e+02
2596,0.5,1.00414e+01,1.04310e+02
2596,1.0,1.00404e+01,1.03791e+02
2597,0.0,1.05504e+01,1.00147e+02
2597,0.5,1.05504e+01,9.96500e+01
2597,1.0,1.05504e+01,9.91580e+01
2598,0.0,1.06287e+01,9.92637e+01
2598,0.5,1.06286e+01,9.87724e+01
2598,1.0,1.06284e+01,9.82859e+01
2599,0.0,1.02486e+01,1.01699e+02
2599,0.5,1.02489e+01,1.01179e+02
2599,1.0,1.02493e+01,1.00665e+02
2600,0.0,1.02691e+01,1.01561e+02
2600,0.5,1.02689e+01,1.01051e+02
2600,1.0,1.02687e+01,1.00547e+02
2601,0.0,1.01926e+01,1.01324e+02
2601,0.5,1.01923e+01,1.00816e+02
2601,1.0,1.01921e+01,1.00314e+02
2602,0.0,1.05927e+01,9.94156e+01
2602,0.5,1.05934e+01,9.89118e+01
2602,1.0,1.05941e+01,9.84130e+01
2603,0.0,1.04202e+01,1.02077e+02
2603,0.5,1.04193e+01,1.01576e+02
2603,1.0,1.04184e+01,1.01081e+02
2604,0.0,1.04858e+01,1.01334e+02
2604,0.5,1.04848e+01,1.00836e+02
2604,1.0,1.04838e+01,1.00342e+02
2605,0.0,1.02607e+01,1.02202e+02
2605,0.5,1.02608e+01,1.01684e+02
2605,1.0,1.02610e+01,1.01172e+02
2606,0.0,1.04245e+01,1.01104e+02
2606,0.5,1.04247e+01,1.00595e+02
2606,1.0,1.04250e+01,1.00090e+02
2607,0.0,1.06160e+01,9.98730e+01
2607,0.5,1.06162e+01,9.93743e+01
2607,1.0,1.06164e+01,9.88805e+01
2608,0.0,1.06015e+01,9.98761e+01
2608,0.5,1.06016e+01,9.93772e+01
2608,1.0,1.06017e+01,9.88833e+01
2609,0.0,1.01530e+01,1.01767e+02
2609,0.5,1.01529e+01,1.01250e+02
2609,1.0,1.01528e+01,1.00738e+02
2610,0.0,1.05141e+01,1.00793e+02
2610,0.5,1.05143e+01,1.00289e+02
2610,1.0,1.05144e+01,9.97908e+01
2611,0.0,1.06392e+01,9.81632e+01
2611,0.5,1.06399e+01,9.76644e+01
2611,1.0,1.06407e+01,9.71706e+01
2612,0.0,1.05538e+01,1.00439e+02
2612,0.5,1.05540e+01,9.99370e+01
2612,1.0,1.05542e+01,9.94397e+01
2613,0.0,1.02625e+01,1.02088e+02
2613,0.5,1.02626e+01,1.01572e+02
2613,1.0,1.02627e+01,1.01061e+02
2614,0.0,1.05293e+01,9.99104e+01
2614,0.5,1.05298e+01,9.94077e+01
2614,1.0,1.05303e+01,9.89101e+01
2615,0.0,1.04786e+01,1.01720e+02
2615,0.5,1.04777e+01,1.01221e+02
2615,1.0,1.04768e+01,1.00726e+02
2616,0.0,1.05782e+01,1.00055e+02
2616,0.5,1.05785e+01,9.95560e+01
2616,1.0,1.05788e+01,9.90619e+01
2617,0.0,1.03010e+01,1.01280e+02
2617,0.5,1.03018e+01,1.00760e+02
2617,1.0,1.03026e+01,1.00245e+02
2618,0.0,1.03840e+01,1.01607e+02
2618,0.5,1.03839e+01,1.01099e+02
2618,1.0,1.03838e+01,1.00596e+02
2619,0.0,1.04593e+01,9.95818e+01
2619,0.5,1.04590e+01,9.90844e+01
2619,1.0,1.04586e+01,9.85920e+01
2620,0.0,1.03340e+01,1.00812e+02
2620,0.5,1.03334e+01,1.00311e+02
2620,1.0,1.03328e+01,9.98144e+01
2621,0.0,1.03525e+01,1.01008e+02
2621,0.5,1.03529e+01,1.00496e+02
2621,1.0,1.03533e+01,9.99897e+01
2622,0.0,1.04902e+01,1.00883e+02
2622,0.5,1.04905e+01,1.00376e+02
2622,1.0,1.04909e+01,9.98733e+01
2623,0.0,1.02257e+01,1.02843e+02
2623,0.5,1.02250e+01,1.02334e+02
2623,1.0,1.02244e+01,1.01830e+02
2624,0.0,1.05129e+01,1.00763e+02
2624,0.5,1.05133e+01,1.00256e+02
2624,1.0,1.05137e+01,9.97545e+01
2625,0.0,1.02854e+01,1.01597e+02
2625,0.5,1.02851e+01,1.01088e+02
2625,1.0,1.02847e+01,1.00584e+02
2626,0.0,1.06889e+01,9.82779e+01
2626,0.5,1.06905e+01,9.77717e+01
2626,1.0,1.06921e+01,9.72705e+01
2627,0.0,1.02682e+01,1.01975e+02
2627,0.5,1.02683e+01,1.01463e+02
2627,1.0,1.02683e+01,1.00955e+02
2628,0.0,1.03676e+01,1.01247e+02
2628,0.5,1.03682e+01,1.00734e+02
2628,1.0,1.03688e+01,1.00227e+02
2629,0.0,1.04199e+01,1.01516e+02
2629,0.5,1.04189e+01,1.01018e+02
2629,1.0,1.04179e+01,1.00525e+02
2630,0.0,1.06694e+01,9.94539e+01
2630,0.5,1.06695e+01,9.89555e+01
2630,1.0,1.06696e+01,9.84621e+01
2631,0.0,1.06457e+01,1.00014e+02
2631,0.5,1.06462e+01,9.95134e+01
2631,1.0,1.06467e+01,9.90179e+01
2632,0.0,1.06498e+01,9.90086e+01
2632,0.5,1.06505e+01,9.85094e+01
2632,1.0,1.06511e+01,9.80151e+01
2633,0.0,1.03512e+01,1.02677e+02
2633,0.5,1.03504e+01,1.02173e+02
2633,1.0,1.03496e+01,1.01675e+02
2634,0.0,1.04449e+01,1.01149e+02
2634,0.5,1.04447e+01,1.00646e+02
2634,1.0,1.04445e+01,1.00149e+02
2635,0.0,1.07351e+01,9.81922e+01
2635,0.5,1.07363e+01,9.76949e+01
2635,1.0,1.07375e+01,9.72026e+01
2636,0.0,1.03979e+01,1.00648e+02
2636,0.5,1.03976e+01,1.00148e+02
2636,1.0,1.03973e+01,9.96526e+01
2637,0.0,1.05421e+01,9.97058e+01
2637,0.5,1.05426e+01,9.92069e+01
2637,1.0,1.05431e+01,9.87130e+01
2638,0.0,1.00089e+01,1.03997e+02
2638,0.5,1.00087e+01,1.03467e+02
2638,1.0,1.00085e+01,1.02942e+02
2639,0.0,1.03603e+01,1.01556e+02
2639,0.5,1.03600e+01,1.01046e+02
2639,1.0,1.03598e+01,1.00542e+02
2640,0.0,1.03407e+01,1.02286e+02
2640,0.5,1.03397e+01,1.01779e+02
2640,1.0,1.03388e+01,1.01277e+02
2641,0.0,1.04211e+01,9.98156e+01
2641,0.5,1.04215e+01,9.93115e+01
2641,1.0,1.04219e+01,9.88125e+01
2642,0.0,1.04968e+01,9.98848e+01
2642,0.5,1.04975e+01,9.93768e+01
2642,1.0,1.04982e+01,9.88738e+01
2643,0.0,1.02817e+01,1.02604e+02
2643,0.5,1.02812e+01,1.02093e+02
2643,1.0,1.02807e+01,1.01587e+02
2644,0.0,1.03567e+01,1.01753e+02
2644,0.5,1.03561e+01,1.01246e+02
2644,1.0,1.03556e+01,1.00745e+02
2645,0.0,1.06571e+01,9.89262e+01
2645,0.5,1.06576e+01,9.84266e+01
2645,1.0,1.06580e+01,9.79320e+01
2646,0.0,1.04415e+01,1.00332e+02
2646,0.5,1.04416e+01,9.98331e+01
2646,1.0,1.04416e+01,9.93396e+01
2647,0.0,1.06360e+01,9.78092e+01
2647,0.5,1.06363e+01,9.73216e+01
2647,1.0,1.06367e+01,9.68388e+01
2648,0.0,1.01622e+01,1.02700e+02
2648,0.5,1.01622e+01,1.02177e+02
2648,1.0,1.01623e+01,1.01659e+02
2649,0.0,1.04482e+01,1.00440e+02
2649,0.5,1.04481e+01,9.99391e+01
2649,1.0,1.04479e+01,9.94430e+01
2650,0.0,1.04040e+01,1.02862e+02
2650,0.5,1.04040e+01,1.02348e+02
2650,1.0,1.04039e+01,1.01839e+02
2651,0.0,1.04288e+01,1.01346e+02
2651,0.5,1.04291e+01,1.00836e+02
2651,1.0,1.04294e+01,1.00332e+02
2652,0.0,1.07154e+01,9.78052e+01
2652,0.5,1.07162e+01,9.73078e+01
2652,1.0,1.07171e+01,9.68154e+01
2653,0.0,1.06085e+01,9.97747e+01
2653,0.5,1.06086e+01,9.92768e+01
2653,1.0,1.06088e+01,9.87838e+01
2654,0.0,1.04398e+01,1.01003e+02
2654,0.5,1.04393e+01,1.00507e+02
2654,1.0,1.04387e+01,1.00015e+02
2655,0.0,1.02554e+01,1.01547e+02
2655,0.5,1.02553e+01,1.01035e+02
2655,1.0,1.02552e+01,1.00527e+02
2656,0.0,1.05736e+01,1.00144e+02
2656,0.5,1.05737e+01,9.96430e+01
2656,1.0,1.05738e+01,9.91474e+01
2657,0.0,1.03666e+01,1.00756e+02
2657,0.5,1.03667e+01,1.00247e+02
2657,1.0,1.03669e+01,9.97425e+01
2658,0.0,1.04952e+01,9.93914e+01
2658,0.5,1.04962e+01,9.88849e+01
2658,1.0,1.04972e+01,9.83834e+01
2659,0.0,1.06727e+01,9.83333e+01
2659,0.5,1.06730e+01,9.78470e+01
2659,1.0,1.06733e+01,9.73657e+01
2660,0.0,1.05423e+01,9.92946e+01
2660,0.5,1.05423e+01,9.88004e+01
2660,1.0,1.05422e+01,9.83111e+01
2661,0.0,1.04342e+01,1.02284e+02
2661,0.5,1.04333e+01,1.01782e+02
2661,1.0,1.04324e+01,1.01286e+02
2662,0.0,1.01590e+01,1.02844e+02
2662,0.5,1.01582e+01,1.02331e+02
2662,1.0,1.01574e+01,1.01822e+02
2663,0.0,1.04446e+01,1.00472e+02
2663,0.5,1.04443e+01,9.99718e+01
2663,1.0,1.04440e+01,9.94769e+01
2664,0.0,1.03817e+01,1.00723e+02
2664,0.5,1.03814e+01,1.00220e+02
2664,1.0,1.03811e+01,9.97214e+01
2665,0.0,1.04217e+01,1.00467e+02
2665,0.5,1.04217e+01,9.99657e+01
2665,1.0,1.04218e+01,9.94698e+01
2666,0.0,1.06161e+01,9.94263e+01
2666,0.5,1.06167e+01,9.89229e+01
2666,1.0,1.06173e+01,9.84245e+01
2667,0.0,1.05282e+01,1.00188e+02
2667,0.5,1.05279e+01,9.96894e+01
2667,1.0,1.05277e+01,9.91955e+01
2668,0.0,1.04481e+01,1.00644e+02
2668,0.5,1.04481e+01,1.00140e+02
2668,1.0,1.04481e+01,9.96409e+01
2669,0.0,1.04837e+01,1.00949e+02
2669,0.5,1.04834e+01,1.00447e+02
2669,1.0,1.04831e+01,9.99510e+01
2670,0.0,1.04934e+01,1.01491e+02
2670,0.5,1.04929e+01,1.00991e+02
2670,1.0,1.04925e+01,1.00496e+02
2671,0.0,1.05751e+01,9.94574e+01
2671,0.5,1.05756e+01,9.89569e+01
2671,1.0,1.05760e+01,9.84614e+01
2672,0.0,1.00958e+01,1.00977e+02
2672,0.5,1.00955e+01,1.00472e+02
2672,1.0,1.00952e+01,9.99707e+01
2673,0.0,1.03487e+01,1.02169e+02
2673,0.5,1.03488e+01,1.01655e+02
2673,1.0,1.03488e+01,1.01146e+02
2674,0.0,1.05203e+01,1.00241e+02
2674,0.5,1.05209e+01,9.97335e+01
2674,1.0,1.05215e+01,9.92311e+01
2675,0.0,1.04839e+01,1.00984e+02
2675,0.5,1.04832e+01,1.00489e+02
2675,1.0,1.04825e+01,9.99984e+01
2676,0.0,1.06779e+01,9.76470e+01
2676,0.5,1.06796e+01,9.71403e+01
2676,1.0,1.06812e+01,9.66388e+01
2677,0.0,1.05949e+01,9.95144e+01
2677,0.5,1.05960e+01,9.90056e+01
2677,1.0,1.05970e+01,9.85020e+01
2678,0.0,1.06024e+01,1.01109e+02
2678,0.5,1.06014e+01,1.00613e+02
2678,1.0,1.06005e+01,1.00122e+02
2679,0.0,1.02940e+01,1.03932e+02
2679,0.5,1.02931e+01,1.03420e+02
2679,1.0,1.02923e+01,1.02913e+02
2680,0.0,1.06182e+01,9.96870e+01
2680,0.5,1.06184e+01,9.91899e+01
2680,1.0,1.06185e+01,9.86977e+01
2681,0.0,1.03864e+01,1.01350e+02
2681,0.5,1.03857e+01,1.00854e+02
2681,1.0,1.03849e+01,1.00362e+02
2682,0.0,1.04188e+01,9.96259e+01
2682,0.5,1.04191e+01,9.91184e+01
2682,1.0,1.04194e+01,9.86160e+01
2683,0.0,1.05458e+01,1.00997e+02
2683,0.5,1.05455e+01,1.00500e+02
2683,1.0,1.05451e+01,1.00008e+02
2684,0.0,1.05078e+01,9.95195e+01
2684,0.5,1.05083e+01,9.90189e+01
2684,1.0,1.05087e+01,9.85233e+01
2685,0.0,1.04376e+01,1.00556e+02
2685,0.5,1.04375e+01,1.00053e+02
2685,1.0,1.04374e+01,9.95549e+01
2686,0.0,1.05056e+01,1.00127e+02
2686,0.5,1.05060e+01,9.96200e+01
2686,1.0,1.05065e+01,9.91176e+01
2687,0.0,1.02911e+01,1.00505e+02
2687,0.5,1.02912e+01,9.99998e+01
2687,1.0,1.02913e+01,9.94993e+01
2688,0.0,1.04094e+01,1.01516e+02
2688,0.5,1.04091e+01,1.01011e+02
2688,1.0,1.04088e+01,1.00511e+02
2689,0.0,1.01604e+01,1.02434e+02
2689,0.5,1.01600e+01,1.01920e+02
2689,1.0,1.01596e+01,1.01412e+02
2690,0.0,1.04945e+01,1.00406e+02
2690,0.5,1.04942e+01,9.99086e+01
2690,1.0,1.04938e+01,9.94158e+01
2691,0.0,1.03989e+01,1.00353e+02
2691,0.5,1.03987e+01,9.98529e+01
2691,1.0,1.03985e+01,9.93579e+01
2692,0.0,1.03346e+01,1.01453e+02
2692,0.5,1.03343e+01,1.00945e+02
2692,1.0,1.03341e+01,1.00442e+02
2693,0.0,1.04183e+01,1.00678e+02
2693,0.5,1.04181e+01,1.00176e+02
2693,1.0,1.04180e+01,9.96790e+01
2694,0.0,1.02962e+01,1.02694e+02
2694,0.5,1.02953e+01,1.02186e+02
2694,1.0,1.02943e+01,1.01682e+02
2695,0.0,1.03915e+01,1.00990e+02
2695,0.5,1.03912e+01,1.00489e+02
2695,1.0,1.03909e+01,9.99927e+01
2696,0.0,1.03459e+01,1.01256e+02
2696,0.5,1.03463e+01,1.00744e+02
2696,1.0,1.03467e+01,1.00237e+02
2697,0.0,1.04707e+01,9.91377e+01
2697,0.5,1.04708e+01,9.86413e+01
2697,1.0,1.04709e+01,9.81500e+01
2698,0.0,1.04313e+01,1.02279e+02
2698,0.5,1.04310e+01,1.01770e+02
2698,1.0,1.04307e+01,1.01267e+02
2699,0.0,1.04714e+01,1.00224e+02
2699,0.5,1.04715e+01,9.97220e+01
2699,1.0,1.04716e+01,9.92247e+01
2700,0.0,1.06334e+01,9.89032e+01
2700,0.5,1.06336e+01,9.84082e+01
2700,1.0,1.06338e+01,9.79182e+01
2701,0.0,1.04402e+01,1.01099e+02
2701,0.5,1.04401e+01,1.00596e+02
2701,1.0,1.04400e+01,1.00097e+02
2702,0.0,1.04293e+01,1.00988e+02
2702,0.5,1.04295e+01,1.00485e+02
2702,1.0,1.04297e+01,9.99859e+01
2703,0.0,1.05570e+01,9.98754e+01
2703,0.5,1.05572e+01,9.93729e+01
2703,1.0,1.05573e+01,9.88754e+01
2704,0.0,1.03991e+01,1.00964e+02
2704,0.5,1.03992e+01,1.00458e+02
2704,1.0,1.03993e+01,9.99576e+01
2705,0.0,1.05464e+01,1.00390e+02
2705,0.5,1.05462e+01,9.98920e+01
2705,1.0,1.05460e+01,9.93991e+01
2706,0.0,1.05856e+01,9.95022e+01
2706,0.5,1.05861e+01,9.90003e+01
2706,1.0,1.05865e+01,9.85034e+01
2707,0.0,1.04329e+01,9.87305e+01
2707,0.5,1.04338e+01,9.82272e+01
2707,1.0,1.04348e+01,9.77290e+01
2708,0.0,1.06667e+01,9.89368e+01
2708,0.5,1.06672e+01,9.84430e+01
2708,1.0,1.06677e+01,9.79541e+01
2709,0.0,1.02369e+01,1.02064e+02
2709,0.5,1.02366e+01,1.01554e+02
2709,1.0,1.02363e+01,1.01048e+02
2710,0.0,1.06976e+01,1.00115e+02
2710,0.5,1.06978e+01,9.96222e+01
2710,1.0,1.06980e+01,9.91341e+01
2711,0.0,1.01328e+01,1.02791e+02
2711,0.5,1.01326e+01,1.02273e+02
2711,1.0,1.01325e+01,1.01760e+02
2712,0.0,1.06210e+01,1.00342e+02
2712,0.5,1.06207e+01,9.98458e+01
2712,1.0,1.06204e+01,9.93545e+01
2713,0.0,1.06585e+01,9.93015e+01
2713,0.5,1.06587e+01,9.88065e+01
2713,1.0,1.06589e+01,9.83164e+01
2714,0.0,1.02866e+01,1.02112e+02
2714,0.5,1.02868e+01,1.01596e+02
2714,1.0,1.02871e+01,1.01085e+02
2715,0.0,1.05528e+01,9.96884e+01
2715,0.5,1.05533e+01,9.91859e+01
2715,1.0,1.05539e+01,9.86883e+01
2716,0.0,1.06069e+01,9.84556e+01
2716,0.5,1.06082e+01,9.79509e+01
2716,1.0,1.06096e+01,9.74512e+01
2717,0.0,1.07217e+01,9.90436e+01
2717,0.5,1.07220e+01,9.85496e+01
2717,1.0,1.07222e+01,9.80605e+01
2718,0.0,1.05682e+01,1.01054e+02
2718,0.5,1.05678e+01,1.00557e+02
2718,1.0,1.05674e+01,1.00065e+02
2719,0.0,1.05008e+01,1.00737e+02
2719,0.5,1.05005e+01,1.00236e+02
2719,1.0,1.05001e+01,9.97399e+01
2720,0.0,1.04821e+01,1.00567e+02
2720,0.5,1.04823e+01,1.00064e+02
2720,1.0,1.04825e+01,9.95667e+01
2721,0.0,1.01208e+01,1.03399e+02
2721,0.5,1.01199e+01,1.02883e+02
2721,1.0,1.01191e+01,1.02373e+02
2722,0.0,1.05760e+01,9.96839e+01
2722,0.5,1.05759e+01,9.91898e+01
2722,1.0,1.05757e+01,9.87007e+01
2723,0.0,1.01381e+01,1.03256e+02
2723,0.5,1.01375e+01,1.02738e+02
2723,1.0,1.01369e+01,1.02225e+02
2724,0.0,1.07160e+01,9.85914e+01
2724,0.5,1.07168e+01,9.80953e+01
2724,1.0,1.07176e+01,9.76042e+01
2725,0.0,1.03560e+01,1.01463e+02
2725,0.5,1.03564e+01,1.00946e+02
2725,1.0,1.03569e+01,1.00434e+02
2726,0.0,1.09078e+01,9.70876e+01
2726,0.5,1.09082e+01,9.66045e+01
2726,1.0,1.09087e+01,9.61262e+01
2727,0.0,1.04515e+01,1.00165e+02
2727,0.5,1.04526e+01,9.96495e+01
2727,1.0,1.04536e+01,9.91393e+01
2728,0.0,1.01831e+01,1.02673e+02
2728,0.5,1.01834e+01,1.02148e+02
2728,1.0,1.01837e+01,1.01629e+02
2729,0.0,1.03016e+01,1.00527e+02
2729,0.5,1.03017e+01,1.00020e+02
2729,1.0,1.03019e+01,9.95177e+01
2730,0.0,1.04101e+01,1.00564e+02
2730,0.5,1.04101e+01,1.00061e+02
2730,1.0,1.04101e+01,9.95623e+01
2731,0.0,1.06075e+01,9.79109e+01
2731,0.5,1.06085e+01,9.74138e+01
2731,1.0,1.06096e+01,9.69216e+01
2732,0.0,1.02702e+01,1.02318e+02
2732,0.5,1.02696e+01,1.01808e+02
2732,1.0,1.02689e+01,1.01302e+02
2733,0.0,1.04674e+01,9.85358e+01
2733,0.5,1.04682e+01,9.80303e+01
2733,1.0,1.04690e+01,9.75300e+01
2734,0.0,1.00164e+01,1.03443e+02
2734,0.5,1.00157e+01,1.02925e+02
2734,1.0,1.00149e+01,1.02412e+02
2735,0.0,1.03029e+01,1.00785e+02
2735,0.5,1.03024e+01,1.00281e+02
2735,1.0,1.03020e+01,9.97825e+01
2736,0.0,1.04572e+01,1.00528e+02
2736,0.5,1.04564e+01,1.00034e+02
2736,1.0,1.04556e+01,9.95446e+01
2737,0.0,1.03625e+01,1.00661e+02
2737,0.5,1.03625e+01,1.00154e+02
2737,1.0,1.03625e+01,9.96520e+01
2738,0.0,1.03443e+01,1.03174e+02
2738,0.5,1.03438e+01,1.02664e+02
2738,1.0,1.03434e+01,1.02159e+02
2739,0.0,1.05374e+01,9.98927e+01
2739,0.5,1.05380e+01,9.93883e+01
2739,1.0,1.05385e+01,9.88888e+01
2740,0.0,1.06023e+01,9.98248e+01
2740,0.5,1.06025e+01,9.93271e+01
2740,1.0,1.06027e+01,9.88343e+01
2741,0.0,1.02187e+01,1.01460e+02
2741,0.5,1.02187e+01,1.00946e+02
2741,1.0,1.02188e+01,1.00437e+02
2742,0.0,9.96136e+00,1.04973e+02
2742,0.5,9.95991e+00,1.04456e+02
2742,1.0,9.95847e+00,1.03943e+02
2743,0.0,1.02362e+01,1.03145e+02
2743,0.5,1.02356e+01,1.02630e+02
2743,1.0,1.02351e+01,1.02120e+02
2744,0.0,1.05574e+01,9.86248e+01
2744,0.5,1.05578e+01,9.81280e+01
2744,1.0,1.05583e+01,9.76361e+01
2745,0.0,1.04004e+01,1.01219e+02
2745,0.5,1.04008e+01,1.00708e+02
2745,1.0,1.04012e+01,1.00201e+02
2746,0.0,1.02530e+01,1.02033e+02
2746,0.5,1.02522e+01,1.01528e+02
2746,1.0,1.02514e+01,1.01027e+02
2747,0.0,1.04701e+01,1.00340e+02
2747,0.5,1.04697e+01,9.98420e+01
2747,1.0,1.04692e+01,9.93492e+01
2748,0.0,1.05256e+01,9.99345e+01
2748,0.5,1.05260e+01,9.94309e+01
2748,1.0,1.05264e+01,9.89322e+01
2749,0.0,1.03500e+01,1.01397e+02
2749,0.5,1.03497e+01,1.00889e+02
2749,1.0,1.03494e+01,1.00385e+02
2750,0.0,1.05845e+01,1.00229e+02
2750,0.5,1.05843e+01,9.97347e+01
2750,1.0,1.05841e+01,9.92448e+01
2751,0.0,1.05928e+01,1.00352e+02
2751,0.5,1.05936e+01,9.98460e+01
2751,1.0,1.05943e+01,9.93452e+01
2752,0.0,1.02531e+01,1.01893e+02
2752,0.5,1.02528e+01,1.01385e+02
2752,1.0,1.02525e+01,1.00881e+02
2753,0.0,1.05696e+01,9.96146e+01
2753,0.5,1.05701e+01,9.91131e+01
2753,1.0,1.05705e+01,9.86165e+01
2754,0.0,1.06456e+01,1.00089e+02
2754,0.5,1.06453e+01,9.95945e+01
2754,1.0,1.06451e+01,9.91045e+01
2755,0.0,1.03435e+01,1.01405e+02
2755,0.5,1.03438e+01,1.00890e+02
2755,1.0,1.03440e+01,1.00379e+02
2756,0.0,1.05033e+01,1.00564e+02
2756,0.5,1.05031e+01,1.00064e+02
2756,1.0,1.05028e+01,9.95696e+01
2757,0.0,1.02360e+01,1.01925e+02
2757,0.5,1.02357e+01,1.01412e+02
2757,1.0,1.02354e+01,1.00905e+02
2758,0.0,1.06378e+01,9.93650e+01
2758,0.5,1.06378e+01,9.88708e+01
2758,1.0,1.06378e+01,9.83815e+01
2759,0.0,1.04929e+01,1.00593e+02
2759,0.5,1.04932e+01,1.00089e+02
2759,1.0,1.04934e+01,9.95897e+01
2760,0.0,1.05037e+01,1.00380e+02
2760,0.5,1.05039e+01,9.98740e+01
2760,1.0,1.05040e+01,9.93731e+01
2761,0.0,1.07244e+01,9.83518e+01
2761,0.5,1.07261e+01,9.78451e+01
2761,1.0,1.07278e+01,9.73434e+01
2762,0.0,1.09323e+01,9.75254e+01
2762,0.5,1.09327e+01,9.70429e+01
2762,1.0,1.09330e+01,9.65654e+01
2763,0.0,1.03949e+01,1.00949e+02
2763,0.5,1.03944e+01,1.00445e+02
2763,1.0,1.03940e+01,9.99462e+01
2764,0.0,1.03242e+01,1.01778e+02
2764,0.5,1.03241e+01,1.01268e+02
2764,1.0,1.03240e+01,1.00763e+02
2765,0.0,1.02163e+01,1.01873e+02
2765,0.5,1.02161e+01,1.01365e+02
2765,1.0,1.02159e+01,1.00862e+02
2766,0.0,1.05709e+01,1.00155e+02
2766,0.5,1.05706e+01,9.96576e+01
2766,1.0,1.05702e+01,9.91652e+01
2767,0.0,1.05605e+01,9.99781e+01
2767,0.5,1.05608e+01,9.94753e+01
2767,1.0,1.05611e+01,9.89776e+01
2768,0.0,1.06857e+01,9.89412e+01
2768,0.5,1.06860e+01,9.84494e+01
2768,1.0,1.06862e+01,9.79625e+01
2769,0.0,1.05814e+01,9.75694e+01
2769,0.5,1.05824e+01,9.70726e+01
2769,1.0,1.05835e+01,9.65809e+01
2770,0.0,1.09835e+01,9.72943e+01
2770,0.5,1.09836e+01,9.68130e+01
2770,1.0,1.09837e+01,9.63365e+01
2771,0.0,1.02577e+01,1.03205e+02
2771,0.5,1.02574e+01,1.02688e+02
2771,1.0,1.02571e+01,1.02176e+02
2772,0.0,1.04531e+01,1.01818e+02
2772,0.5,1.04530e+01,1.01311e+02
2772,1.0,1.04529e+01,1.00809e+02
2773,0.0,1.07530e+01,9.78658e+01
2773,0.5,1.07542e+01,9.73698e+01
2773,1.0,1.07554e+01,9.68789e+01
2774,0.0,1.01916e+01,1.03100e+02
2774,0.5,1.01910e+01,1.02586e+02
2774,1.0,1.01905e+01,1.02077e+02
2775,0.0,1.04389e+01,9.95464e+01
2775,0.5,1.04385e+01,9.90517e+01
2775,1.0,1.04382e+01,9.85619e+01
2776,0.0,1.05361e+01,9.98526e+01
2776,0.5,1.05362e+01,9.93503e+01
2776,1.0,1.05364e+01,9.88530e+01
2777,0.0,1.06117e+01,1.00511e+02
2777,0.5,1.06109e+01,1.00021e+02
2777,1.0,1.06101e+01,9.95359e+01
2778,0.0,1.01198e+01,1.01347e+02
2778,0.5,1.01200e+01,1.00832e+02
2778,1.0,1.01201e+01,1.00321e+02
2779,0.0,1.01293e+01,1.01861e+02
2779,0.5,1.01287e+01,1.01354e+02
2779,1.0,1.01280e+01,1.00852e+02
2780,0.0,1.02229e+01,1.02289e+02
2780,0.5,1.02224e+01,1.01779e+02
2780,1.0,1.02219e+01,1.01275e+02
2781,0.0,1.02041e+01,1.02268e+02
2781,0.5,1.02035e+01,1.01760e+02
2781,1.0,1.02028e+01,1.01256e+02
2782,0.0,1.03663e+01,1.02318e+02
2782,0.5,1.03660e+01,1.01808e+02
2782,1.0,1.03657e+01,1.01303e+02
2783,0.0,1.05057e+01,9.98905e+01
2783,0.5,1.05050e+01,9.93949e+01
2783,1.0,1.05043e+01,9.89042e+01
2784,0.0,1.03858e+01,1.01902e+02
2784,0.5,1.03858e+01,1.01391e+02
2784,1.0,1.03859e+01,1.00885e+02
2785,0.0,1.04968e+01,1.00896e+02
2785,0.5,1.04966e+01,1.00394e+02
2785,1.0,1.04964e+01,9.98977e+01
2786,0.0,1.05746e+01,9.91870e+01
2786,0.5,1.05755e+01,9.86843e+01
2786,1.0,1.05763e+01,9.81866e+01
2787,0.0,1.04976e+01,9.95429e+01
2787,0.5,1.04983e+01,9.90369e+01
2787,1.0,1.04990e+01,9.85360e+01
2788,0.0,1.03517e+01,1.02772e+02
2788,0.5,1.03510e+01,1.02263e+02
2788,1.0,1.03503e+01,1.01758e+02
2789,0.0,1.04717e+01,1.01001e+02
2789,0.5,1.04717e+01,1.00499e+02
2789,1.0,1.04717e+01,1.00003e+02
2790,0.0,1.02318e+01,1.03564e+02
2790,0.5,1.02306e+01,1.03056e+02
2790,1.0,1.02295e+01,1.02553e+02
2791,0.0,1.03233e+01,1.01277e+02
2791,0.5,1.03232e+01,1.00768e+02
2791,1.0,1.03231e+01,1.00264e+02
2792,0.0,1.04384e+01,1.00782e+02
2792,0.5,1.04377e+01,1.00287e+02
2792,1.0,1.04371e+01,9.97974e+01
2793,0.0,1.03586e+01,1.01229e+02
2793,0.5,1.03585e+01,1.00718e+02
2793,1.0,1.03584e+01,1.00213e+02
2794,0.0,1.02148e+01,1.02932e+02
2794,0.5,1.02142e+01,1.02420e+02
2794,1.0,1.02137e+01,1.01913e+02
2795,0.0,1.08999e+01,9.81153e+01
2795,0.5,1.09003e+01,9.76260e+01
2795,1.0,1.09007e+01,9.71417e+01
2796,0.0,1.04744e+01,1.00075e+02
2796,0.5,1.04748e+01,9.95698e+01
2796,1.0,1.04753e+01,9.90699e+01
2797,0.0,1.04417e+01,1.01510e+02
2797,0.5,1.04409e+01,1.01008e+02
2797,1.0,1.04402e+01,1.00511e+02
2798,0.0,1.03117e+01,1.01158e+02
2798,0.5,1.03115e+01,1.00656e+02
2798,1.0,1.03113e+01,1.00159e+02
2799,0.0,1.02351e+01,1.02549e+02
2799,0.5,1.02348e+01,1.02035e+02
2799,1.0,1.02345e+01,1.01527e+02
2800,0.0,1.04102e+01,1.01034e+02
2800,0.5,1.04104e+01,1.00522e+02
2800,1.0,1.04106e+01,1.00015e+02
2801,0.0,1.06478e+01,9.88619e+01
2801,0.5,1.06483e+01,9.83659e+01
2801,1.0,1.06488e+01,9.78748e+01
2802,0.0,1.04762e+01,1.00929e+02
2802,0.5,1.04762e+01,1.00426e+02
2802,1.0,1.04762e+01,9.99282e+01
2803,0.0,1.02825e+01,1.02593e+02
2803,0.5,1.02816e+01,1.02085e+02
2803,1.0,1.02807e+01,1.01583e+02
2804,0.0,1.03128e+01,1.02252e+02
2804,0.5,1.03124e+01,1.01744e+02
2804,1.0,1.03119e+01,1.01242e+02
2805,0.0,1.03868e+01,9.99419e+01
2805,0.5,1.03874e+01,9.94319e+01
2805,1.0,1.03881e+01,9.89271e+01
2806,0.0,1.03629e+01,1.01647e+02
2806,0.5,1.03626e+01,1.01141e+02
2806,1.0,1.03622e+01,1.00640e+02
2807,0.0,1.03232e+01,1.01763e+02
2807,0.5,1.03226e+01,1.01258e+02
2807,1.0,1.03220e+01,1.00758e+02
2808,0.0,1.02498e+01,1.03099e+02
2808,0.5,1.02486e+01,1.02592e+02
2808,1.0,1.02474e+01,1.02090e+02
2809,0.0,1.01727e+01,1.03661e+02
2809,0.5,1.01719e+01,1.03148e+02
2809,1.0,1.01712e+01,1.02640e+02
2810,0.0,1.04370e+01,1.02467e+02
2810,0.5,1.04361e+01,1.01962e+02
2810,1.0,1.04352e+01,1.01462e+02
2811,0.0,1.04308e+01,1.00395e+02
2811,0.5,1.04308e+01,9.98906e+01
2811,1.0,1.04309e+01,9.93916e+01
2812,0.0,1.05401e+01,9.88585e+01
2812,0.5,1.05412e+01,9.83525e+01
2812,1.0,1.05423e+01,9.78515e+01
2813,0.0,1.04842e+01,1.00712e+02
2813,0.5,1.04841e+01,1.00208e+02
2813,1.0,1.04840e+01,9.97083e+01
2814,0.0,1.02330e+01,1.01324e+02
2814,0.5,1.02327e+01,1.00814e+02
2814,1.0,1.02323e+01,1.00309e+02
2815,0.0,1.01422e+01,1.03068e+02
2815,0.5,1.01416e+01,1.02552e+02
2815,1.0,1.01411e+01,1.02041e+02
2816,0.0,1.06282e+01,9.93760e+01
2816,0.5,1.06287e+01,9.88782e+01
2816,1.0,1.06291e+01,9.83853e+01
2817,0.0,1.05274e+01,9.91913e+01
2817,0.5,1.05277e+01,9.86959e+01
2817,1.0,1.05279e+01,9.82054e+01
2818,0.0,1.04422e+01,1.00585e+02
2818,0.5,1.04425e+01,1.00080e+02
2818,1.0,1.04427e+01,9.95792e+01
2819,0.0,1.05065e+01,9.94473e+01
2819,0.5,1.05072e+01,9.89401e+01
2819,1.0,1.05079e+01,9.84380e+01
2820,0.0,1.03185e+01,1.02301e+02
2820,0.5,1.03175e+01,1.01798e+02
2820,1.0,1.03164e+01,1.01299e+02
2821,0.0,1.02066e+01,1.02980e+02
2821,0.5,1.02058e+01,1.02469e+02
2821,1.0,1.02049e+01,1.01963e+02
2822,0.0,1.01992e+01,1.02541e+02
2822,0.5,1.01987e+01,1.02031e+02
2822,1.0,1.01981e+01,1.01525e+02
2823,0.0,1.03339e+01,1.01999e+02
2823,0.5,1.03339e+01,1.01481e+02
2823,1.0,1.03339e+01,1.00968e+02
2824,0.0,1.03679e+01,1.01463e+02
2824,0.5,1.03671e+01,1.00963e+02
2824,1.0,1.03662e+01,1.00467e+02
2825,0.0,1.04832e+01,1.00265e+02
2825,0.5,1.04835e+01,9.97580e+01
2825,1.0,1.04838e+01,9.92560e+01
2826,0.0,1.02599e+01,1.03491e+02
2826,0.5,1.02597e+01,1.02973e+02
2826,1.0,1.02596e+01,1.02461e+02
2827,0.0,1.03013e+01,1.01342e+02
2827,0.5,1.03011e+01,1.00836e+02
2827,1.0,1.03008e+01,1.00335e+02
2828,0.0,1.05292e+01,1.01293e+02
2828,0.5,1.05285e+01,1.00796e+02
2828,1.0,1.05278e+01,1.00304e+02
2829,0.0,1.06369e+01,9.85995e+01
2829,0.5,1.06372e+01,9.81077e+01
2829,1.0,1.06375e+01,9.76208e+01
2830,0.0,1.04566e+01,1.00618e+02
2830,0.5,1.04572e+01,1.00109e+02
2830,1.0,1.04578e+01,9.96057e+01
2831,0.0,1.02028e+01,1.01605e+02
2831,0.5,1.02031e+01,1.01088e+02
2831,1.0,1.02035e+01,1.00576e+02
2832,0.0,1.04041e+01,1.01154e+02
2832,0.5,1.04037e+01,1.00649e+02
2832,1.0,1.04034e+01,1.00149e+02
2833,0.0,1.03576e+01,1.00750e+02
2833,0.5,1.03577e+01,1.00240e+02
2833,1.0,1.03578e+01,9.97352e+01
2834,0.0,1.04742e+01,1.01065e+02
2834,0.5,1.04741e+01,1.00560e+02
2834,1.0,1.04741e+01,1.00060e+02
2835,0.0,1.06105e+01,9.92217e+01
2835,0.5,1.06113e+01,9.87192e+01
2835,1.0,1.06120e+01,9.82217e+01
2836,0.0,1.07894e+01,9.81706e+01
2836,0.5,1.07896e+01,9.76851e+01
2836,1.0,1.07898e+01,9.72044e+01
2837,0.0,1.03328e+01,1.03016e+02
2837,0.5,1.03324e+01,1.02503e+02
2837,1.0,1.03321e+01,1.01995e+02
2838,0.0,1.02754e+01,1.02380e+02
2838,0.5,1.02755e+01,1.01861e+02
2838,1.0,1.02756e+01,1.01347e+02
2839,0.0,1.02903e+01,1.00875e+02
2839,0.5,1.02907e+01,1.00364e+02
2839,1.0,1.02910e+01,9.98588e+01
2840,0.0,1.02844e+01,1.02429e+02
2840,0.5,1.02835e+01,1.01925e+02
2840,1.0,1.02825e+01,1.01425e+02
2841,0.0,1.07690e+01,9.88848e+01
2841,0.5,1.07697e+01,9.83916e+01
2841,1.0,1.07704e+01,9.79033e+01
2842,0.0,1.03038e+01,1.01958e+02
2842,0.5,1.03038e+01,1.01444e+02
2842,1.0,1.03039e+01,1.00936e+02
2843,0.0,1.04365e+01,1.02665e+02
2843,0.5,1.04357e+01,1.02157e+02
2843,1.0,1.04350e+01,1.01655e+02
2844,0.0,1.05015e+01,9.99345e+01
2844,0.5,1.05019e+01,9.94305e+01
2844,1.0,1.05023e+01,9.89316e+01
2845,0.0,1.02614e+01,1.02010e+02
2845,0.5,1.02604e+01,1.01506e+02
2845,1.0,1.02593e+01,1.01007e+02
2846,0.0,1.05727e+01,1.00539e+02
2846,0.5,1.05731e+01,1.00031e+02
2846,1.0,1.05736e+01,9.95276e+01
2847,0.0,1.07407e+01,9.93699e+01
2847,0.5,1.07411e+01,9.88757e+01
2847,1.0,1.07415e+01,9.83862e+01
2848,0.0,1.04277e+01,1.00832e+02
2848,0.5,1.04281e+01,1.00320e+02
2848,1.0,1.04286e+01,9.98138e+01
2849,0.0,1.06117e+01,1.00325e+02
2849,0.5,1.06118e+01,9.98252e+01
2849,1.0,1.06118e+01,9.93309e+01
2850,0.0,1.02921e+01,1.02135e+02
2850,0.5,1.02917e+01,1.01624e+02
2850,1.0,1.02913e+01,1.01118e+02
2851,0.0,1.02669e+01,1.02139e+02
2851,0.5,1.02665e+01,1.01630e+02
2851,1.0,1.02661e+01,1.01127e+02
2852,0.0,1.05283e+01,1.00062e+02
2852,0.5,1.05288e+01,9.95584e+01
2852,1.0,1.05293e+01,9.90597e+01
2853,0.0,1.03846e+01,1.02050e+02
2853,0.5,1.03839e+01,1.01549e+02
2853,1.0,1.03832e+01,1.01052e+02
2854,0.0,1.02508e+01,1.03422e+02
2854,0.5,1.02500e+01,1.02912e+02
2854,1.0,1.02492e+01,1.02406e+02
2855,0.0,1.03148e+01,1.01634e+02
2855,0.5,1.03149e+01,1.01124e+02
2855,1.0,1.03151e+01,1.00618e+02
2856,0.0,1.06964e+01,9.84374e+01
2856,0.5,1.06964e+01,9.79498e+01
2856,1.0,1.06964e+01,9.74670e+01
2857,0.0,1.03854e+01,1.01920e+02
2857,0.5,1.03855e+01,1.01407e+02
2857,1.0,1.03855e+01,1.00900e+02
2858,0.0,1.06763e+01,1.00282e+02
2858,0.5,1.06756e+01,9.97930e+01
2858,1.0,1.06748e+01,9.93087e+01
2859,0.0,1.06144e+01,9.97850e+01
2859,0.5,1.06145e+01,9.92864e+01
2859,1.0,1.06147e+01,9.87927e+01
2860,0.0,1.04807e+01,1.00392e+02
2860,0.5,1.04798e+01,9.98987e+01
2860,1.0,1.04790e+01,9.94106e+01
2861,0.0,1.05843e+01,9.96387e+01
2861,0.5,1.05851e+01,9.91352e+01
2861,1.0,1.05859e+01,9.86367e+01
2862,0.0,1.04225e+01,1.02557e+02
2862,0.5,1.04222e+01,1.02046e+02
2862,1.0,1.04219e+01,1.01540e+02
2863,0.0,1.01489e+01,1.02924e+02
2863,0.5,1.01486e+01,1.02407e+02
2863,1.0,1.01482e+01,1.01894e+02
2864,0.0,1.06483e+01,9.98504e+01
2864,0.5,1.06481e+01,9.93559e+01
2864,1.0,1.06479e+01,9.88662e+01
2865,0.0,1.05854e+01,9.90259e+01
2865,0.5,1.05861e+01,9.85210e+01
2865,1.0,1.05868e+01,9.80211e+01
2866,0.0,1.07325e+01,9.85546e+01
2866,0.5,1.07331e+01,9.80606e+01
2866,1.0,1.07336e+01,9.75716e+01
2867,0.0,1.05556e+01,9.97910e+01
2867,0.5,1.05554e+01,9.92940e+01
2867,1.0,1.05553e+01,9.88020e+01
2868,0.0,1.06813e+01,9.85275e+01
2868,0.5,1.06818e+01,9.80337e+01
2868,1.0,1.06824e+01,9.75450e+01
2869,0.0,1.07060e+01,9.79069e+01
2869,0.5,1.07067e+01,9.74151e+01
2869,1.0,1.07074e+01,9.69282e+01
2870,0.0,1.03105e+01,1.01380e+02
2870,0.5,1.03099e+01,1.00877e+02
2870,1.0,1.03092e+01,1.00378e+02
2871,0.0,1.03668e+01,1.01749e+02
2871,0.5,1.03662e+01,1.01243e+02
2871,1.0,1.03656e+01,1.00743e+02
2872,0.0,1.05100e+01,1.01162e+02
2872,0.5,1.05100e+01,1.00660e+02
2872,1.0,1.05099e+01,1.00163e+02
2873,0.0,1.06051e+01,9.92864e+01
2873,0.5,1.06054e+01,9.87898e+01
2873,1.0,1.06057e+01,9.82982e+01
2874,0.0,1.03959e+01,1.01199e+02
2874,0.5,1.03960e+01,1.00688e+02
2874,1.0,1.03961e+01,1.00181e+02
2875,0.0,1.05178e+01,9.97661e+01
2875,0.5,1.05182e+01,9.92642e+01
2875,1.0,1.05185e+01,9.87674e+01
2876,0.0,1.03980e+01,1.01196e+02
2876,0.5,1.03980e+01,1.00688e+02
2876,1.0,1.03979e+01,1.00184e+02
2877,0.0,1.04770e+01,1.00084e+02
2877,0.5,1.04778e+01,9.95746e+01
2877,1.0,1.04786e+01,9.90699e+01
2878,0.0,1.05064e+01,1.00978e+02
2878,0.5,1.05061e+01,1.00476e+02
2878,1.0,1.05057e+01,9.99784e+01
2879,0.0,1.03617e+01,1.02237e+02
2879,0.5,1.03610e+01,1.01729e+02
2879,1.0,1.03604e+01,1.01225e+02
2880,0.0,1.03589e+01,1.01030e+02
2880,0.5,1.03593e+01,1.00519e+02
2880,1.0,1.03597e+01,1.00013e+02
2881,0.0,1.05684e+01,9.98281e+01
2881,0.5,1.05691e+01,9.93260e+01
2881,1.0,1.05699e+01,9.88290e+01
2882,0.0,1.03677e+01,1.01754e+02
2882,0.5,1.03665e+01,1.01258e+02
2882,1.0,1.03654e+01,1.00767e+02
2883,0.0,1.05380e+01,1.00291e+02
2883,0.5,1.05381e+01,9.97907e+01
2883,1.0,1.05382e+01,9.92957e+01
2884,0.0,1.04822e+01,1.01493e+02
2884,0.5,1.04816e+01,1.00993e+02
2884,1.0,1.04810e+01,1.00498e+02
2885,0.0,1.03532e+01,1.02489e+02
2885,0.5,1.03527e+01,1.01981e+02
2885,1.0,1.03522e+01,1.01479e+02
2886,0.0,1.01074e+01,1.04023e+02
2886,0.5,1.01061e+01,1.03511e+02
2886,1.0,1.01049e+01,1.03004e+02
2887,0.0,1.04948e+01,9.97713e+01
2887,0.5,1.04953e+01,9.92650e+01
2887,1.0,1.04958e+01,9.87637e+01
2888,0.0,1.07488e+01,1.00501e+02
2888,0.5,1.07489e+01,9.99995e+01
2888,1.0,1.07490e+01,9.95031e+01
2889,0.0,1.04425e+01,1.02563e+02
2889,0.5,1.04417e+01,1.02059e+02
2889,1.0,1.04408e+01,1.01560e+02
2890,0.0,1.04553e+01,9.92669e+01
2890,0.5,1.04558e+01,9.87655e+01
2890,1.0,1.04563e+01,9.82692e+01
2891,0.0,1.01686e+01,1.03159e+02
2891,0.5,1.01684e+01,1.02638e+02
2891,1.0,1.01681e+01,1.02123e+02
2892,0.0,1.06669e+01,9.91449e+01
2892,0.5,1.06670e+01,9.86551e+01
2892,1.0,1.06670e+01,9.81702e+01
2893,0.0,1.06865e+01,9.96226e+01
2893,0.5,1.06868e+01,9.91237e+01
2893,1.0,1.06871e+01,9.86297e+01
2894,0.0,1.01630e+01,1.02942e+02
2894,0.5,1.01620e+01,1.02432e+02
2894,1.0,1.01611e+01,1.01926e+02
2895,0.0,1.05056e+01,9.95551e+01
2895,0.5,1.05062e+01,9.90495e+01
2895,1.0,1.05068e+01,9.85490e+01
2896,0.0,1.05452e+01,9.91689e+01
2896,0.5,1.05452e+01,9.86718e+01
2896,1.0,1.05451e+01,9.81796e+01
2897,0.0,1.04582e+01,9.98395e+01
2897,0.5,1.04580e+01,9.93402e+01
2897,1.0,1.04577e+01,9.88459e+01
2898,0.0,1.02526e+01,1.01284e+02
2898,0.5,1.02519e+01,1.00780e+02
2898,1.0,1.02512e+01,1.00281e+02
2899,0.0,1.04107e+01,1.01405e+02
2899,0.5,1.04106e+01,1.00894e+02
2899,1.0,1.04106e+01,1.00389e+02
2900,0.0,1.05614e+01,9.99748e+01
2900,0.5,1.05616e+01,9.94701e+01
2900,1.0,1.05617e+01,9.89704e+01
2901,0.0,1.06486e+01,9.78457e+01
2901,0.5,1.06496e+01,9.73494e+01
2901,1.0,1.06507e+01,9.68581e+01
2902,0.0,1.06250e+01,9.84006e+01
2902,0.5,1.06255e+01,9.79046e+01
2902,1.0,1.06260e+01,9.74135e+01
2903,0.0,1.01947e+01,1.02154e+02
2903,0.5,1.01949e+01,1.01636e+02
2903,1.0,1.01951e+01,1.01123e+02
2904,0.0,1.02334e+01,1.02170e+02
2904,0.5,1.02322e+01,1.01667e+02
2904,1.0,1.02310e+01,1.01168e+02
2905,0.0,1.04807e+01,1.00536e+02
2905,0.5,1.04808e+01,1.00037e+02
2905,1.0,1.04809e+01,9.95423e+01
2906,0.0,1.06134e+01,1.00769e+02
2906,0.5,1.06138e+01,1.00261e+02
2906,1.0,1.06142e+01,9.97585e+01
2907,0.0,1.07405e+01,9.84542e+01
2907,0.5,1.07416e+01,9.79554e+01
2907,1.0,1.07427e+01,9.74616e+01
2908,0.0,1.07382e+01,9.82918e+01
2908,0.5,1.07394e+01,9.77893e+01
2908,1.0,1.07407e+01,9.72918e+01
2909,0.0,1.04676e+01,1.00115e+02
2909,0.5,1.04672e+01,9.96180e+01
2909,1.0,1.04668e+01,9.91255e+01
2910,0.0,1.03055e+01,1.01503e+02
2910,0.5,1.03047e+01,1.01002e+02
2910,1.0,1.03040e+01,1.00505e+02
2911,0.0,1.02850e+01,1.01642e+02
2911,0.5,1.02847e+01,1.01133e+02
2911,1.0,1.02844e+01,1.00628e+02
2912,0.0,1.07638e+01,9.84773e+01
2912,0.5,1.07642e+01,9.79857e+01
2912,1.0,1.07646e+01,9.74989e+01
2913,0.0,1.02523e+01,1.02619e+02
2913,0.5,1.02509e+01,1.02121e+02
2913,1.0,1.02495e+01,1.01627e+02
2914,0.0,1.06982e+01,9.84840e+01
2914,0.5,1.06980e+01,9.79988e+01
2914,1.0,1.06978e+01,9.75184e+01
2915,0.0,1.06443e+01,9.97336e+01
2915,0.5,1.06444e+01,9.92373e+01
2915,1.0,1.06444e+01,9.87461e+01
2916,0.0,1.04652e+01,1.00934e+02
2916,0.5,1.04656e+01,1.00422e+02
2916,1.0,1.04660e+01,9.99157e+01
2917,0.0,1.06229e+01,9.85062e+01
2917,0.5,1.06237e+01,9.80071e+01
2917,1.0,1.06245e+01,9.75130e+01
2918,0.0,1.02621e+01,1.02414e+02
2918,0.5,1.02619e+01,1.01900e+02
2918,1.0,1.02616e+01,1.01391e+02
2919,0.0,1.05193e+01,9.88171e+01
2919,0.5,1.05199e+01,9.83166e+01
2919,1.0,1.05204e+01,9.78212e+01
2920,0.0,1.04714e+01,9.87707e+01
2920,0.5,1.04720e+01,9.82719e+01
2920,1.0,1.04727e+01,9.77781e+01
2921,0.0,1.06619e+01,9.84239e+01
2921,0.5,1.06630e+01,9.79246e+01
2921,1.0,1.06640e+01,9.74302e+01
2922,0.0,1.04915e+01,1.00428e+02
2922,0.5,1.04926e+01,9.99154e+01
2922,1.0,1.04937e+01,9.94079e+01
2923,0.0,1.05502e+01,9.96557e+01
2923,0.5,1.05510e+01,9.91496e+01
2923,1.0,1.05518e+01,9.86485e+01
2924,0.0,1.04411e+01,1.00331e+02
2924,0.5,1.04417e+01,9.98217e+01
2924,1.0,1.04423e+01,9.93174e+01
2925,0.0,1.04281e+01,1.02436e+02
2925,0.5,1.04273e+01,1.01936e+02
2925,1.0,1.04264e+01,1.01440e+02
2926,0.0,1.03933e+01,1.00165e+02
2926,0.5,1.03940e+01,9.96563e+01
2926,1.0,1.03947e+01,9.91530e+01
2927,0.0,1.01316e+01,1.03884e+02
2927,0.5,1.01301e+01,1.03377e+02
2927,1.0,1.01287e+01,1.02876e+02
2928,0.0,1.04845e+01,9.89899e+01
2928,0.5,1.04853e+01,9.84848e+01
2928,1.0,1.04861e+01,9.79847e+01
2929,0.0,1.02523e+01,1.00815e+02
2929,0.5,1.02531e+01,1.00297e+02
2929,1.0,1.02539e+01,9.97835e+01
2930,0.0,1.06774e+01,9.90550e+01
2930,0.5,1.06783e+01,9.85528e+01
2930,1.0,1.06792e+01,9.80556e+01
2931,0.0,1.02754e+01,1.02624e+02
2931,0.5,1.02740e+01,1.02125e+02
2931,1.0,1.02727e+01,1.01632e+02
2932,0.0,1.05783e+01,1.00793e+02
2932,0.5,1.05780e+01,1.00298e+02
2932,1.0,1.05777e+01,9.98076e+01
2933,0.0,1.02336e+01,1.01249e+02
2933,0.5,1.02336e+01,1.00738e+02
2933,1.0,1.02335e+01,1.00233e+02
2934,0.0,1.02169e+01,1.02500e+02
2934,0.5,1.02164e+01,1.01990e+02
2934,1.0,1.02158e+01,1.01486e+02
2935,0.0,1.03253e+01,1.01462e+02
2935,0.5,1.03251e+01,1.00955e+02
2935,1.0,1.03248e+01,1.00453e+02
2936,0.0,1.04634e+01,9.97774e+01
2936,0.5,1.04631e+01,9.92784e+01
2936,1.0,1.04629e+01,9.87844e+01
2937,0.0,1.07166e+01,9.78454e+01
2937,0.5,1.07176e+01,9.73487e+01
2937,1.0,1.07187e+01,9.68569e+01
2938,0.0,1.07532e+01,9.76796e+01
2938,0.5,1.07541e+01,9.71873e+01
2938,1.0,1.07550e+01,9.67000e+01
2939,0.0,1.04751e+01,9.96574e+01
2939,0.5,1.04751e+01,9.91588e+01
2939,1.0,1.04751e+01,9.86652e+01
2940,0.0,1.07087e+01,9.77479e+01
2940,0.5,1.07100e+01,9.72479e+01
2940,1.0,1.07114e+01,9.67530e+01
2941,0.0,1.05483e+01,9.96522e+01
2941,0.5,1.05486e+01,9.91500e+01
2941,1.0,1.05490e+01,9.86528e+01
2942,0.0,1.05770e+01,9.82149e+01
2942,0.5,1.05771e+01,9.77268e+01
2942,1.0,1.05772e+01,9.72436e+01
2943,0.0,1.05540e+01,9.89399e+01
2943,0.5,1.05540e+01,9.84446e+01
2943,1.0,1.05540e+01,9.79543e+01
2944,0.0,1.02035e+01,1.00802e+02
2944,0.5,1.02033e+01,1.00294e+02
2944,1.0,1.02032e+01,9.97911e+01
2945,0.0,1.03894e+01,1.01585e+02
2945,0.5,1.03884e+01,1.01084e+02
2945,1.0,1.03874e+01,1.00589e+02
2946,0.0,1.03931e+01,1.00704e+02
2946,0.5,1.03934e+01,1.00193e+02
2946,1.0,1.03937e+01,9.96878e+01
2947,0.0,1.03433e+01,1.01236e+02
2947,0.5,1.03428e+01,1.00733e+02
2947,1.0,1.03422e+01,1.00236e+02
2948,0.0,1.06607e+01,9.98132e+01
2948,0.5,1.06607e+01,9.93190e+01
2948,1.0,1.06608e+01,9.88298e+01
2949,0.0,1.06085e+01,1.00479e+02
2949,0.5,1.06082e+01,9.99777e+01
2949,1.0,1.06079e+01,9.94812e+01
2950,0.0,1.04061e+01,1.01161e+02
2950,0.5,1.04057e+01,1.00659e+02
2950,1.0,1.04052e+01,1.00162e+02
2951,0.0,1.05063e+01,1.00420e+02
2951,0.5,1.05062e+01,9.99195e+01
2951,1.0,1.05061e+01,9.94235e+01
2952,0.0,1.03740e+01,1.00745e+02
2952,0.5,1.03739e+01,1.00242e+02
2952,1.0,1.03738e+01,9.97440e+01
2953,0.0,1.04279e+01,9.95531e+01
2953,0.5,1.04284e+01,9.90472e+01
2953,1.0,1.04289e+01,9.85465e+01
2954,0.0,1.10310e+01,9.60216e+01
2954,0.5,1.10330e+01,9.55290e+01
2954,1.0,1.10349e+01,9.50414e+01
2955,0.0,1.00615e+01,1.04569e+02
2955,0.5,1.00602e+01,1.04055e+02
2955,1.0,1.00589e+01,1.03546e+02
2956,0.0,1.04917e+01,9.92800e+01
2956,0.5,1.04919e+01,9.87826e+01
2956,1.0,1.04921e+01,9.82902e+01
2957,0.0,1.06087e+01,9.98349e+01
2957,0.5,1.06084e+01,9.93391e+01
2957,1.0,1.06082e+01,9.88481e+01
2958,0.0,1.05463e+01,1.01963e+02
2958,0.5,1.05458e+01,1.01461e+02
2958,1.0,1.05454e+01,1.00965e+02
2959,0.0,1.05187e+01,1.00554e+02
2959,0.5,1.05187e+01,1.00053e+02
2959,1.0,1.05187e+01,9.95575e+01
2960,0.0,1.06365e+01,9.81395e+01
2960,0.5,1.06370e+01,9.76476e+01
2960,1.0,1.06376e+01,9.71606e+01
2961,0.0,1.06505e+01,9.91762e+01
2961,0.5,1.06504e+01,9.86824e+01
2961,1.0,1.06504e+01,9.81935e+01
2962,0.0,1.06869e+01,9.97665e+01
2962,0.5,1.06870e+01,9.92709e+01
2962,1.0,1.06871e+01,9.87802e+01
2963,0.0,1.04282e+01,1.00827e+02
2963,0.5,1.04282e+01,1.00323e+02
2963,1.0,1.04283e+01,9.98233e+01
2964,0.0,1.03028e+01,1.03279e+02
2964,0.5,1.03020e+01,1.02770e+02
2964,1.0,1.03012e+01,1.02266e+02
2965,0.0,1.00018e+01,1.03587e+02
2965,0.5,1.00007e+01,1.03074e+02
2965,1.0,9.99966e+00,1.02565e+02
2966,0.0,1.03408e+01,1.00452e+02
2966,0.5,1.03410e+01,9.99442e+01
2966,1.0,1.03412e+01,9.94413e+01
2967,0.0,1.03670e+01,1.01026e+02
2967,0.5,1.03672e+01,1.00516e+02
2967,1.0,1.03674e+01,1.00012e+02
2968,0.0,1.03460e+01,1.00474e+02
2968,0.5,1.03460e+01,9.99680e+01
2968,1.0,1.03460e+01,9.94671e+01
2969,0.0,1.03950e+01,1.01332e+02
2969,0.5,1.03953e+01,1.00826e+02
2969,1.0,1.03956e+01,1.00324e+02
2970,0.0,1.05680e+01,9.97637e+01
2970,0.5,1.05682e+01,9.92641e+01
2970,1.0,1.05684e+01,9.87695e+01
2971,0.0,1.07853e+01,9.83919e+01
2971,0.5,1.07858e+01,9.79013e+01
2971,1.0,1.07864e+01,9.74156e+01
2972,0.0,1.01783e+01,1.01629e+02
2972,0.5,1.01779e+01,1.01119e+02
2972,1.0,1.01775e+01,1.00614e+02
2973,0.0,1.04084e+01,1.00819e+02
2973,0.5,1.04087e+01,1.00311e+02
2973,1.0,1.04091e+01,9.98076e+01
2974,0.0,1.03762e+01,1.02152e+02
2974,0.5,1.03758e+01,1.01642e+02
2974,1.0,1.03755e+01,1.01137e+02
2975,0.0,1.03812e+01,1.01529e+02
2975,0.5,1.03806e+01,1.01024e+02
2975,1.0,1.03801e+01,1.00524e+02
2976,0.0,1.05391e+01,9.94487e+01
2976,0.5,1.05397e+01,9.89493e+01
2976,1.0,1.05404e+01,9.84549e+01
2977,0.0,1.05199e+01,1.00259e+02
2977,0.5,1.05199e+01,9.97597e+01
2977,1.0,1.05200e+01,9.92653e+01
2978,0.0,1.05766e+01,9.98579e+01
2978,0.5,1.05764e+01,9.93661e+01
2978,1.0,1.05761e+01,9.88792e+01
2979,0.0,1.06731e+01,9.93584e+01
2979,0.5,1.06737e+01,9.88576e+01
2979,1.0,1.06743e+01,9.83617e+01
2980,0.0,1.04033e+01,1.02405e+02
2980,0.5,1.04025e+01,1.01902e+02
2980,1.0,1.04018e+01,1.01405e+02
2981,0.0,1.03445e+01,1.02104e+02
2981,0.5,1.03437e+01,1.01600e+02
2981,1.0,1.03429e+01,1.01101e+02
2982,0.0,1.05239e+01,1.01374e+02
2982,0.5,1.05229e+01,1.00880e+02
2982,1.0,1.05220e+01,1.00391e+02
2983,0.0,1.01865e+01,1.02085e+02
2983,0.5,1.01860e+01,1.01579e+02
2983,1.0,1.01855e+01,1.01077e+02
2984,0.0,1.06184e+01,9.84182e+01
2984,0.5,1.06192e+01,9.79213e+01
2984,1.0,1.06199e+01,9.74295e+01
2985,0.0,1.03269e+01,1.01095e+02
2985,0.5,1.03270e+01,1.00584e+02
2985,1.0,1.03270e+01,1.00079e+02
2986,0.0,1.05806e+01,1.00877e+02
2986,0.5,1.05801e+01,1.00377e+02
2986,1.0,1.05797e+01,9.98830e+01
2987,0.0,1.06383e+01,9.75069e+01
2987,0.5,1.06387e+01,9.70165e+01
2987,1.0,1.06392e+01,9.65311e+01
2988,0.0,1.08372e+01,9.78276e+01
2988,0.5,1.08381e+01,9.73372e+01
2988,1.0,1.08390e+01,9.68518e+01
2989,0.0,1.04078e+01,1.01911e+02
2989,0.5,1.04079e+01,1.01402e+02
2989,1.0,1.04080e+01,1.00898e+02
2990,0.0,1.04579e+01,1.01563e+02
2990,0.5,1.04576e+01,1.01061e+02
2990,1.0,1.04574e+01,1.00565e+02
2991,0.0,1.05940e+01,1.00862e+02
2991,0.5,1.05941e+01,1.00357e+02
2991,1.0,1.05941e+01,9.98574e+01
2992,0.0,1.05392e+01,9.98259e+01
2992,0.5,1.05390e+01,9.93275e+01
2992,1.0,1.05388e+01,9.88340e+01
2993,0.0,1.04006e+01,1.00717e+02
2993,0.5,1.04011e+01,1.00209e+02
2993,1.0,1.04016e+01,9.97057e+01
2994,0.0,1.05349e+01,1.00224e+02
2994,0.5,1.05350e+01,9.97246e+01
2994,1.0,1.05352e+01,9.92299e+01
2995,0.0,1.04333e+01,1.00236e+02
2995,0.5,1.04340e+01,9.97277e+01
2995,1.0,1.04347e+01,9.92243e+01
2996,0.0,1.03784e+01,1.02242e+02
2996,0.5,1.03773e+01,1.01738e+02
2996,1.0,1.03762e+01,1.01239e+02
2997,0.0,1.04757e+01,1.01293e+02
2997,0.5,1.04765e+01,1.00780e+02
2997,1.0,1.04773e+01,1.00271e+02
2998,0.0,1.05436e+01,1.00632e+02
2998,0.5,1.05435e+01,1.00133e+02
2998,1.0,1.05435e+01,9.96389e+01
2999,0.0,1.03205e+01,1.01788e+02
2999,0.5,1.03203e+01,1.01279e+02
2999,1.0,1.03201e+01,1.00775e+02
3000,0.0,1.08312e+01,9.84459e+01
3000,0.5,1.08321e+01,9.79499e+01
3000,1.0,1.08329e+01,9.74589e+01
